,,Join the 'Che Hub' Discord server.,,,,,,
Era,Name,Notes,Track Length,File Date,Leak Date,Available Length,Quality,Link(s)
"3 OG File(s)
0 Full
0 Tagged
0 Partial
0 Snippet(s)
0 Stem Bounce(s)
7 Unavailable",cheRomani+,"(?? ??, 2020) (Che starts making music under the name ""murkio!"")
(Aug ??, 2021) (Che continues making music under the alias ""cheRomani+"")
(Jan ??, 2022) (Che starts working on his first EP titled ""3"")",,,"Chase Shaun Mitchell (born August 29, 2006), professionally known as Che (previously cheRomani+), is an American recording artist and record producer from Atlanta, Georgia. He started making music in 2020. cheRomani+ era is all the songs made before the release of his first EP ""3"".",,,
,OG Files for Released Songs + Alt Mixes,,,,,,,
cheRomani+,"#RESIDE
(prod. Airbourn Beats)","OG Filename: RESIDE
Filename known from a SoundCloud exploit.",-,-,-,Confirmed,Not Available,N/A
cheRomani+,"agenda
(prod. Che & ​bryalle)","OG Filename: agenda
Leaked in early 2024 from a SoundCloud exploit.",1:39,2021,2024,OG File,Lossless,https://imgur.gg/f/lK0gO0A
cheRomani+,"kind
(prod. sxprano)","OG Filename: kind
Leaked in early 2024 from a SoundCloud exploit.",2:09,2021,2024,OG File,Lossless,https://imgur.gg/f/ApaaMaF
cheRomani+,"wurd lol
(feat. Specxfic) (prod. glumboy)","OG Filename: wurd lol
Leaked in early 2024 from a SoundCloud exploit.",2:57,2021,2024,OG File,Lossless,https://imgur.gg/f/TO5m5wy
,Unavailable,,,,,,,
cheRomani+,"A Christmas Song Final
(prod. ???)","Song uploaded onto SoundCloud privately on December 4th, 2021. Never officially released.",2:27,2021,2024,Confirmed,Not Available,N/A
cheRomani+,"Elementi
(prod. ???)","Song uploaded onto SoundCloud privately on December 9th, 2021. Never officially released.",1:39,2021,2024,Confirmed,Not Available,N/A
cheRomani+,"Herb X Che
(prod. ???)","Song uploaded onto SoundCloud privately on December 12th, 2021. Never officially released.",1:07,2021,2024,Confirmed,Not Available,N/A
cheRomani+,"one_way_jersey
(prod. ???)","Song uploaded onto SoundCloud privately on December 6th, 2021. Never officially released.",2:24,2021,2024,Confirmed,Not Available,N/A
cheRomani+,"Whatsit2ya
(prod. ???)","Song uploaded onto SoundCloud privately on December 14th, 2021. Never officially released.",0:35,2021,2024,Confirmed,Not Available,N/A
cheRomani+,[Unknown BandLab Files],"In an interview with Masked Gorilla, Che mentioned how he used to record on BandLab. He also mentioned how the songs had no mixing.",-,-,2020,Confirmed,Not Available,N/A
"6 OG File(s)
1 Full
0 Tagged
0 Partial
0 Snippet(s)
0 Stem Bounce(s)
5 Unavailable",3,"(Jan ??, 2022) (Che starts working on his first EP titled ""3"")
(May 1st, 2022) (3 is officially released onto all platforms)",,,"“3” is the debut EP by Che. This EP includes 3 new tracks and the previously released “nine.” It was released initially on SoundCloud, but released later on all platforms.",,,
,Full,,,,,,,
3,"British Iguana
(feat. Kasino kache) (prod. ???)","British Iguana is a rare Che leak that was originally posted with a music video on YouTube by VRC on October 13th, 2022.",1:26,2022,"Oct 13, 2022",Full,High Quality,https://pillows.su/f/2b6f999e903a451ce95ddc222df95b82
,OG Files for Released Songs + Alt Mixes,,,,,,,
3,"007
(feat. Specxfic) (prod. georgi)","OG Filename: 007
Leaked in early 2024 from a SoundCloud exploit.",2:00,2022,2024,OG File,Lossless,https://imgur.gg/f/FRXxcbl
3,"city
(prod. Jdolla)","OG Filename: finished city
Leaked in early 2024 from a SoundCloud exploit.",1:20,2022,2024,OG File,Lossless,https://imgur.gg/f/26JhH68
3,"hugo
(prod. Venexxi & Jdolla)","OG Filename: finished hugo
Leaked in early 2024 from a SoundCloud exploit.",2:08,2022,2024,OG File,Lossless,https://imgur.gg/f/II10zna
3,"jssr - west
(feat. Che) (prod. Alijah4k & KapeThaGoat)","OG Filename: west new master july first
Leaked in early 2024 from a SoundCloud exploit.",2:20,2022,2024,OG File,Lossless,https://imgur.gg/f/hiwmxqY
3,"nine
(prod. OneVictim)
(one)","OG Filename: finished one
Leaked in early 2024 from a SoundCloud exploit.",1:54,2022,2024,OG File,Lossless,https://imgur.gg/f/9VPghGX
3,"The Final Agenda
(prod. ​bryalle)","OG Filename: the final agenda
Leaked in early 2024 from a SoundCloud exploit.",2:00,2022,2024,OG File,Lossless,https://imgur.gg/f/XBEQ081
,Unavailable,,,,,,,
3,"Anthem2
(prod. ???)","Song uploaded onto SoundCloud privately on March 5th, 2022. Never officially released.",0:52,2022,2024,Confirmed,Not Available,N/A
3,"ggtt
(prod. ???)","Song uploaded onto SoundCloud privately on February 4th, 2022. Never officially released.",2:12,2022,2024,Confirmed,Not Available,N/A
3,"Gyat
(prod. ???)","Song uploaded onto SoundCloud privately on February 4th, 2022. Never officially released.",1:36,2022,2024,Confirmed,Not Available,N/A
3,"Joey
(prod. ???)","Song uploaded onto SoundCloud privately on February 15th, 2022. Never officially released.",3:11,2022,2024,Confirmed,Not Available,N/A
3,"VOL. 2
(prod. ???)","Song uploaded onto SoundCloud privately on February 6th, 2022. Never officially released.",1:26,2022,2024,Confirmed,Not Available,N/A
"4 OG File(s)
15 Full
0 Tagged
0 Partial
5 Snippet(s)
0 Stem Bounce(s)
9 Unavailable","closed captions [V1]
(X, cc V1)","(May 1st, 2022) (3 is officially released onto all platforms)
(Jun ??, 2022) (Che changes his name from cheRomani+ to Che)
(Aug 29, 2022) (Che releases the intro to the album)
(Feb 6th, 2023) (closed captions V1 leaks and Che scraps it for a different sound)",,,"After his four song mixtape, 3, Che started to promote the album in 2022 leading into 2023. Che released the lead single blac chyna, on February 10, 2023. blac chyna featured a different song to the previous song for the album, Intro. The switch in style resulted from the first version getting leaked in February of 2023. The leak included songs like Sip Mansion with Rich Amiri and Foreign with Yhapojj. There is no official tracklist for cc v1, fans have put together their own based off the files that leaked on February 6th.",,,
,Full,,,,,,,
closed captions [V1],"Bone
(prod. ???)","Previously unheard track that leaked in full on March 15th, 2026. Also known as Jugg time (OG Different beat)",2:02,-,"Mar 15, 2026",Full,High Quality,https://pillows.su/f/ca2ec1378baef6f071ec65d133a7a781
closed captions [V1],"can u hear me?
(prod. OneVictim)","This track surfaced on February 6th, 2023 along with several other tracks. This caused the delay of closed captions. A music video was also recorded for this song.",1:11,2022,"Feb 6, 2023",Full,High Quality,https://pillows.su/f/863a0ca2337b773c03b0a59f26dade93
closed captions [V1],"Deep Freestyle
(prod. CXO)","This track surfaced on February 6th, 2023 along with several other tracks. This caused the delay of closed captions.",1:41,2022,"Feb 6, 2023",Full,High Quality,https://pillows.su/f/260429078830f471fade0336e9041d73
closed captions [V1],"Discord Freestyle
(feat. cayhate) (prod. ???)
(Dro)","Was supposed to be track 2 on Hoodrich Exclusives' album ""HOODRICH 2K23"" on January 1st, 2023, however the two song EP would never end up dropping due to unknown reasons. Possibly due to it leaking.",2:25,2022,"Jan 1, 2023",Full,High Quality,https://pillows.su/f/86b17eef831cc3c9301c1f9fd3f9fa07
closed captions [V1],"gloché
(feat. Glo) (prod. Awake)","Leaked on June 8th, 2022 onto SoundCloud.",1:38,2022,"Jun 8, 2022",Full,High Quality,https://imgur.gg/f/s0toU9n
closed captions [V1],"Elevator Music
(feat. Specxfic) (prod. ???)","OG Filename: che_spec_-_elevator_music
Leaked on November 10th, 2024.",1:33,-,"Nov 10, 2024",Full,High Quality,https://pillows.su/f/d22c3e8246ab9759862c30c2a70f2944
closed captions [V1],"exit interlude
(prod. cohen & SouljaSpirits)","This track surfaced on February 6th, 2023 along with several other tracks. This caused the delay of closed captions.",1:44,2022,"Feb 6, 2023",Full,High Quality,https://pillows.su/f/08ddec8b03a1e6ed2a329e5222b11bac
closed captions [V1],"⭐Issy
(prod. malikai)
(I’m Illiterate)","This track surfaced on February 6th, 2023 along with several other tracks. This caused the delay of closed captions.",2:10,2022,"Feb 6, 2023",Full,High Quality,https://pillows.su/f/fbba55266575835072879b5e20915f7b
closed captions [V1],"klavier
(prod. CXO)","This track surfaced on February 6th, 2023 along with several other tracks. This caused the delay of closed captions.",1:43,2022,"Feb 6, 2023",Full,High Quality,https://pillows.su/f/16c0ace9fec3bc1d1d10c02ce9af49c0
closed captions [V1],"Number
(prod. ​malikai)","This track surfaced on February 6th, 2023 along with several other tracks. This caused the delay of closed captions.",2:29,2022,"Feb 6, 2023",Full,High Quality,https://pillows.su/f/7fbe000a8a4de3d6e45899a280a8e9ff
closed captions [V1],"YAK [V1]
(prod. YukiSX & maajins)","This track surfaced on February 6th, 2023 along with several other tracks. This caused the delay of closed captions.",1:20,2022,"Feb 6, 2023",Full,High Quality,https://pillows.su/f/f278c8680f6f3566abd85a36e8d142bf
closed captions [V1],"YAK [V2]
(prod. greedmp3)",This version features alternate production.,1:27,2022,"Feb 6, 2023",Full,High Quality,https://pillows.su/f/aa6d393c314c448dd7fefa3acb96e07d
,OG Files for Released Songs + Alt Mixes,,,,,,,
closed captions [V1],"Cometsfuneral - show a band
(feat soser & Che) (prod. ???)","OG Filename: show a band
Filename known from a SoundCloud exploit.",-,-,-,Confirmed,Not Available,N/A
closed captions [V1],"DNB [V1]
(prod. 1moore)","This track surfaced on February 6th, 2023 along with several other tracks. This caused the delay of closed captions. This version features a different mix and is shorter.",1:28,-,"Feb 6, 2023",Full,High Quality,https://pillows.su/f/e5ea0a244271142ca39c1a514ef210e2
closed captions [V1],"ekato
(prod. CXO & Swishrr)","OG Filename: che nate swish (2)
Filename known from a SoundCloud exploit.",-,2022,-,Confirmed,Not Available,N/A
closed captions [V1],"FarrellB - Watcha Say
(feat. Che) (prod. cacija, Gateway & mimofr)","OG Filename: FarrellB - Watcha Say ft Che(prod Mimo X Gateway X Cacija)
Filename known from a SoundCloud exploit.",-,2022,-,Confirmed,Not Available,N/A
closed captions [V1],"feel
(feat. jssr) (prod. FwThis1Will)","OG Filename: feel
Leaked in early 2024 from a SoundCloud exploit.",1:34,2022,2024,OG File,Lossless,https://imgur.gg/f/NYrIc9j
closed captions [V1],"Foreign [V1]
(feat. Yhapojj) (prod. Oliver Easton & 1phoeniix)
(Yo gotti hairline)","This track surfaced on February 6th, 2023 along with several other tracks. This caused the delay of closed captions. This track was later released onto SouljaSpirit's SoundCloud.",2:26,2022,"Feb 6, 2023",Full,High Quality,https://pillows.su/f/84905065451bf9981489614abfc24c6b
closed captions [V1],"intro
(prod. Ccured & ​malikai)","OG Filename: intro wave
Leaked in early 2024 from a SoundCloud exploit.",1:27,2022,2024,OG File,Lossless,https://imgur.gg/f/CaKxCEt
closed captions [V1],"JUGG TIME
(prod. SouljaSpirits)
(did em' bad)","OG Filename: jugg time c
Filename known from a SoundCloud exploit.",-,2022,-,Confirmed,Not Available,N/A
closed captions [V1],"jssr - duh [V2]
(feat. Che) (prod. Alijah4k & No.9)","OG Filename: duh
Leaked in early 2024 from a SoundCloud exploit.",2:00,2022,2024,OG File,Lossless,https://imgur.gg/f/FbTQ1SR
closed captions [V1],"Molly Santana - ozone remix
(feat. Che) (prod. PSYKIDD)","OG Filename: molly olly
Filename known from a SoundCloud exploit.",-,-,-,Confirmed,Not Available,N/A
closed captions [V1],"Show
(feat. Kasino kache) (prod. Egobreak & rafiki)","OG Filename: Che & Subi - Show
Filename known from a SoundCloud exploit.",-,-,-,Confirmed,Not Available,N/A
closed captions [V1],"Sip Mansion [V1]
(feat. Rich Amiri) (prod. Oliver Easton & ​Egobreak)","This track surfaced on February 6th, 2023 along with several other tracks. This caused the delay of closed captions. This track was later released.",1:49,2022,"Feb 6, 2023",Full,High Quality,https://pillows.su/f/0aa76cdbabe4dbddbf07139c228656ef
closed captions [V1],"TOXIC
(prod. CXO & Swishrr)","OG Filename: untitled_nate
Filename known from a SoundCloud exploit. This track was previously untitled.",-,-,-,Confirmed,Not Available,N/A
closed captions [V1],"wtf
(prod. OneVictim)","OG Filename: iheartsub
Leaked in early 2024 from a SoundCloud exploit.",2:11,"Apr 9, 2022",2024,OG File,Lossless,https://imgur.gg/f/UVhcevg
,Snippets,,,,,,,
closed captions [V1],"🏆Coraline
(prod. CXO)",Previewed sometime in 2023.,-,-,2023,Snippet,High Quality,https://imgur.com/a/IhPd8hZ
closed captions [V1],"ericdoa - FIFA*
(feat. Che) (prod. downtime & ​​ninetyniiine)","This unreleased collaboration between ericdoa and Che was first previewed on September 16th, 2022.",-,-,"Sep 16, 2022",Snippet,High Quality,"https://pillows.su/f/40b709a66cb3afafcec130e12869f190 https://pillows.su/f/e7468d7194e91ad813bed87ff714ab28
https://pillows.su/f/65d86bda30488d2f1fea0845fcf1aea9
https://pillows.su/f/8adce211abd2ee85220c36894b7d5c8d
https://pillows.su/f/7e12c6d5c9a0e950ed52ebc8f824185e"
closed captions [V1],"Fukit
(prod. Groon & Toker)","Previewed by Che Hub on January 6th, 2026. The snippet contains a music video for the song.",-,2022,"Jan 6, 2026",Snippet,High Quality,https://imgur.gg/f/Nyi0jCg
closed captions [V1],"Monse
(prod. ???)","This track leaked on _. This song samples ""Messages from the Stars"" by The Rah Band. It was previewed sometime in 2022.",0:32,2023,2022,Snippet,High Quality,https://pillows.su/f/fabb32290dce7bcd6f7afb652dd5b16f
closed captions [V1],"Rambo
(prod. J6 & Red Drum)",A snippet of this song was previewed on Che's story in early 2023.,-,-,2023,Snippet,High Quality,https://pillows.su/f/2397aff810ec5029b87dc61772f46b70
,Unavailable,,,,,,,
closed captions [V1],"interlude
(prod. ???)
(karmas interlude)","Song uploaded onto SoundCloud privately on October 14th, 2022. Never officially released.",0:55,2022,2024,Confirmed,Not Available,N/A
closed captions [V1],"saint flow
(feat. Bandanna$aint) (prod. ???)","Song uploaded onto SoundCloud privately on September 21st, 2022. Never officially released.",2:14,2022,2024,Confirmed,Not Available,N/A
"7 OG File(s)
8 Full
0 Tagged
1 Partial
6 Snippet(s)
0 Stem Bounce(s)
12 Unavailable","closed captions [V2]
(cc V2)","(Feb 6th, 2023) (closed captions V1 leaks and Che scraps it for a different sound)
(Jul 14th, 2023) (Che releases blueberry bakwood as a single onto streaming services)
(Jul 21st, 2023) (closed captions is offically released on all platforms)",,,"Che’s new style would lead to a new rendition of the project, completely different from the first version. This version almost exclusively featured CXO and Swishrr production. CXO and Che ran a Instagram broadcast channel to preview snippets to songs like fangs and bool. In Spring 2023 Che and his creative director whitecollarwill collaborated to give the album an identity. Closed Captions merch was previewed for months prior to the album’s release and it was highly desired by Che’s fanbase. The merch can be easily recognized by any underground listener. On July 14, 2023 Che released another lead single blueberry bakwood along with a music video. This track serves as the intro to the album. The album would release the next Friday with the merch alongside it. Che and fellow artist OsamaSon both released their projects the same day, using each other’s respective fanbases for promotion. Che went on to see massive success from this project and would fuel that into a tour with OsamaSon.",,,
,Full,,,,,,,
closed captions [V2],"Bapestas [V2]
(prod. CXO)
(Sedated)","OG Filename: Che Nate Juggy Manmssms
Leaked on March 8th, 2024 and has a different beat than the original.",1:40,2023,"Mar 8, 2024",OG File,High Quality,https://pillows.su/f/678e0974501909a57cc3f08177e20d80
closed captions [V2],"Bullets
(prod. CXO)","OG Filename : che__bullets_natecxo 
A snippet was posted on instagram by whitecollarwill in June 2023. Leaked on September 17th, 2023",2:11,2023,"Sep 17, 2023",OG File,High Quality,https://pillows.su/f/903d7f6d5cbdf94fd6cc1d91c9c02668
closed captions [V2],"headshot
(prod. Based TJ)","This track leaked for free via Che Hub on April 27th, 2025.",1:40,2023,"Apr 27, 2025",Full,High Quality,https://pillows.su/f/f61b727d4b7614be13a6332114660895
closed captions [V2],"Orlando
(prod. ​Egobreak & BenjiCold)",This track surfaced on a random SoundCloud page in January 2025.,2:30,2023,"Jan ??, 2025",Full,High Quality,https://pillows.su/f/65076b559c9ca3a7e0f5f3364b547c67
closed captions [V2],"Pee
(prod. CXO)
(PP)","OG Filename: pee_prod_nate_che
Leaked sometime in April of 2024.",1:17,"Jun ??, 2023","Apr ??, 2024",OG File,Lossless,https://pillows.su/f/a298b8ca8024e206717fd81d10575034
closed captions [V2],"Point
(prod. ???)","Previewed on March 2nd, 2025. Leaked for free as a bonus to the
'COMMA KILLER' GB.",2:58,2023,"Mar 20, 2025",Full,High Quality,https://pillows.su/f/d4ae3ac713b3c3ff93f11bece2ab76e8
closed captions [V2],"sober
(prod. ​Swishrr)","A tagged version of this song leaked around January of 2025. The untagged version leaked for free on February 24th, 2025.",2:40,2023,"Feb 24, 2025",Full,CD Quality,https://pillows.su/f/01998df04547f4a4edf6f67edc818bdc
closed captions [V2],"Torch
(prod. CXO)
(Bftd2)","This track leaked onto SoundCloud on September 17th, 2023.",2:21,2023,"Sep 17, 2023",Full,High Quality,https://pillows.su/f/5a89d8c47a7a6ba2da479163dc247a01
closed captions [V2],"Xan Nap [V1]
(feat. tana) (prod. Thrty)
(xan, Xan Nap ZZZ)","Made when Che and tana were together in Summer of 2023. The track leaked on January 1st, 2025.",2:37,2023,"Jan 1, 2025",Full,High Quality,https://pillows.su/f/dc70d2ed8dafd967a6f4fee2fe34219f
closed captions [V2],"Xan Nap ZZZ [V2]
(feat. OsamaSon) (prod. Thrty)
(xan, Xan Nap)","OG Filename: sayso lil o - xan nap zzz prod thrtyball
Snippet leaked on April 30th, 2025 through Osama Hub, was supposed to be groupbought, but got cancelled after everyone who was planning the groupbuy thought it was an ass song. Leaked on July 2nd, 2025. OG file leaked from the OsamaSon mass leak on August 17th, 2025.",2:06,2023,"Aug 17, 2025",OG File,Lossless,https://pillows.su/f/536b222aa37a1609f9903b736386c4bc
,Features,,,,,,,
closed captions [V2],"Slump6s - Aura [V1]
(feat. OsamaSon & Che) (prod. CXO)","OG Filename: aura
Leaked from the OsamaSon mass leak on August 17th, 2025.",2:11,2023,"Aug 17, 2025",OG File,High Quality,https://pillows.su/f/a99fc8904416c7c6feab193c75954266
closed captions [V2],"Slump6s - Aura [V2]
(feat. OsamaSon & Che) (prod. CXO)","OG Filename: slump x osama x che - aura (natecxo)
Leaked in full on January 7th, 2025.",2:02,2023,"Jan 7, 2025",OG File,High Quality,https://pillows.su/f/6abac30fc49f40fe7a60798efde4c06f
,OG Files for Released Songs + Alt Mixes,,,,,,,
closed captions [V2],"666 [V1]
(prod. CXO)","Song was originally previewed during his Vercetti Way set on July 26th, 2023. The song was allegedly scrapped off of CC for its tonal differences from the rest of the album, was later leaked on October 23rd, 2023 by DJ PEDOPHILE. This version is the original solo version.",2:03,2023,"Oct 23, 2023",Full,High Quality,https://pillows.su/f/dfbeb5d1100c507a3e5c73546deb31d6
closed captions [V2],"blac chyna
(prod. CXO & Swishrr)","OG Filename: blac chyna
Filename known from a SoundCloud exploit.",-,-,-,Confirmed,Not Available,N/A
closed captions [V2],"desi
(prod. CXO)","OG Filename: che pnate idek (2)
Filename known from a SoundCloud exploit.",-,2022,-,Confirmed,Not Available,N/A
closed captions [V2],"DNB [V2]
(prod. 1moore)","OG Filename: toxic exclusives che dnb v2
Filename known from a SoundCloud exploit.",-,2023,-,Confirmed,Not Available,N/A
closed captions [V2],"Dough
(feat. OsamaSon & Slump6s) (prod. CXO)","OG Filename: che slump osama dough prod nate
Wav file leaked during an old OsamaSon OG file leak in 2024.",2:49,2023,2024,OG File,Lossless,https://pillows.su/f/b5faaafbf2d77da45ab2e187fad91b6b
closed captions [V2],"fajita
(prod. CXO)","OG Filename: che fajita 
Filename known from a SoundCloud exploit.",-,-,-,Confirmed,Not Available,N/A
closed captions [V2],"G3ARMATIC - poster
(feat. Cometsfuneral, FarrellB, mig, Texako, soser, fendi, ayerp, averz & Che) (prod. Max2k10)","OG Filename: mzy
Filename known from a SoundCloud exploit.",-,-,-,Confirmed,Not Available,N/A
closed captions [V2],"jssr - spawn [V1]
(feat. Che) (prod. ???)
(17 yrs)","OG Filename: spawn ft che
Originally from January of 2023. This version is the original speed. Leaked on January 20th, 2026. OG filename known, but not leaked.",1:46,2023,"Jan 20, 2026",Full,High Quality,https://pillows.su/f/c54601211f60baf38082aef8540e79da
closed captions [V2],"kadin - stars
(feat. Che) (prod. jayms)
(wit da stars)","OG Filename: wit da stars prod jayms 155 emin done
Filename known from a SoundCloud exploit. This track was originally titled ""wit da stars"".",-,-,-,Confirmed,Not Available,N/A
closed captions [V2],"savevalu - Deads
(feat. Che, soser, Kloutegabe+ & Tyxonsmith) (prod. CXO)","OG Filename: deads final master ft che soser kloutgabe tyxonsmith
Filename known from a SoundCloud exploit.",-,-,-,Confirmed,Not Available,N/A
closed captions [V2],"savevalu - troit
(feat. Kloutegabe+, soser & Che) (prod. idle)","OG Filename: troit ft che soser gabe final
Filename known from a SoundCloud exploit.",-,-,-,Confirmed,Not Available,N/A
closed captions [V2],"shuffle
(prod. CXO & Swishrr)","OG Filename: che - shuffle (transition)
Filename known from a SoundCloud exploit.",-,-,-,Confirmed,Not Available,N/A
closed captions [V2],"vamanos
(prod. Swishrr)","OG Filename: vamanos (transition)new
Filename known from a SoundCloud exploit.",-,-,-,Confirmed,Not Available,N/A
,Snippets,,,,,,,
closed captions [V2],"Addict
(prod. CXO)","Previewed onto Instagram on September 23rd, 2023.",2:08,2023,"Sep 23, 2023",Snippet,High Quality,https://imgur.gg/f/D9A4wIf
closed captions [V2],"Bapestas [V1]
(prod. ???)
(Sedated)",Previewed on the @ripmansion account in Feburary 2023. ,1:44,2023,"Feb ??, 2023",Snippet,High Quality,https://pillows.su/f/d063d1ec6ae1a1e4c618ba94c2d6236d
closed captions [V2],"Birkins
(prod. CXO)",Previewed sometime in 2023.,2:12,2023,2023,Snippet,High Quality,https://imgur.gg/f/rQlCmdX
closed captions [V2],"Doja
(prod. SouljaSpirits)",Previewed on the @ripmansion account in Feburary 2023. ,-,2023,"Feb ??, 2023",Snippet,Recording,https://imgur.com/a/ZPCvx1F
closed captions [V2],"Do The Shit I Want*
(prod. Sil)
(Top Ten)","This track was previewed on July 17th, 2023.",-,"Jul ??, 2023","Jul 17, 2023",Partial,Recording,https://imgur.com/a/v5Irplg
closed captions [V2],"Grease
(prod. CXO)",First previewed in 2024. Could be Crueger era.,-,2023,"Aug 22, 2025",Snippet,High Quality,https://imgur.com/zXyB1as
closed captions [V2],"🥇Magnolia
(prod. CXO)","Unknown when it was previewed, song was recorded sometime in 2023.",-,2023,,Snippet,High Quality,https://imgur.gg/f/j1ah0F4
,Unavailable,,,,,,,
closed captions [V2],"???
(feat. Nettspend) (prod. ???)",Nettspend is confirmed to have a song from 2023 with Che that is stuck on his BandLab.,-,2023,,Confirmed,Not Available,N/A
closed captions [V2],"???
(feat. wolfacejoeyy) (prod. ???)","In Che's ""On The Radar"" interview, he mentioned how he has an unheard song with wolfacejoeyy.",-,-,"Jul 6, 2023",Confirmed,Not Available,N/A
"5 OG File(s)
15 Full
0 Tagged
2 Partial
15 Snippet(s)
0 Stem Bounce(s)
16 Unavailable",Crueger,"(Aug 26th, 2023) (Che confirms the existence of Crueger in an interview)
(Sep ??, 2023) (Che signs a record deal with 10K Projects)
(Oct 11th, 2023) (Before Crueger is officially released on all platforms in preperation for Crueger)
(Oct 31st, 2023) (Crueger is officially released on all platforms)",,,"Crueger is Che’s second mixtape and the sequel to Before Crueger. It takes its name from the antagonizing Freddy Krueger from the classic horror film series A Nightmare on Elm Street. Che would first confirm the project’s existence and its title on August 26, 2023, in an interview with BoxBoys.",,,
,Full,,,,,,,
Crueger,"Amazing
(prod. CXO)
(Marceline, Canada)","Recorded in December of 2023. Leaked on December 22nd, 2024. Has a music video.",2:20,2023,"Dec 22, 2024",Full,High Quality,https://pillows.su/f/4b85107b3613405ecd77127003a9b286
Crueger,"Expensive Sht
(feat. dvertigo) (prod. CXO)","Previewed on November 10th, 2023. It was previewed by Che Hub on November 4th, 2025. Leaked as a bonus to the ""Bandanna"" groupbuy on November 7th, 2025.",2:49,2023,"Nov 7, 2025",Full,High Quality,https://pillows.su/f/913bc54d51e1c45a328e7a1c81786998
Crueger,"Faygo
(feat. tana) (prod. SouljaSpirits & Swishrr)","This track leaked on February 14th, 2025.",2:11,2023,"Feb 14, 2025",Full,High Quality,https://pillows.su/f/0ee51b511633ad3552a41ffeea5b360b
Crueger,"How Dat Feel
(prod. Che)
(What U Want, We Just Having Fun, Guap, Want My Nut)","Leaked in Nashaun's PB to leak on April 27th, 2025, with Goin Ham tags. The untagged file leaked on July 4th, 2025. Part of the rumored Crueger Deluxe.",1:55,2023,"Jul 4, 2025",Full,CD Quality,https://pillows.su/f/1aa493a562eb43bb2391462749a277a4
Crueger,"Koupe
(feat. tana) (prod. tana)","Koupe, by Che and tana was leaked in distorted HQ by user “Angus Dink” on SoundCloud, on September 24th 2024. It was later reposted by multiple other pages stealing the leak, and then released in full HQ by “DJ Pedophile”, but tagged. The song was acquired by Nova v2 and then screen recorded by Cometsfuneral, given the distorted quality released by Angus Dink.",2:25,2023,"Oct 18, 2024",Full,High Quality,https://pillows.su/f/48ae8ad9e77947c33fd45646fc5383fd
Crueger,"✨O's
(feat. OsamaSon) (prod. Che)
(Common, Count Up, Count It, Slatt)","OG Filename: O's sayso lil o
First previewed by stunmic on September 19th, 2024. Leaked on December 30th, 2024. OsamaSon recorded his verse on December 20th, 2023.",2:44,2023,"Dec 30, 2024",OG File,CD Quality,https://pillows.su/f/b16936aa1e411ff83072a482262aad73
Crueger,"Play Nun
(prod. CXO)
(Type Shit, ALL TYPE OF SHIT)","This track was first previewed on Che's IG live on November 10th, 2023. It eventually leaked in full on March 20th, 2025 after a successful $400 groupbuy.",2:13,2023,"Mar 20, 2025",Full,High Quality,https://pillows.su/f/b643a918034750d49289def1fb6142da
Crueger,"Bandanna
(prod. CXO)
(President Party, Freak Bitches)","Previewed twice sometime in 2023. Then it was previewed in CDQ on August 19th, 2025. Leaked after a successful groupbuy on November 7th, 2025.",1:18,2023,"Nov 7, 2025",Full,CD Quality,https://pillows.su/f/0bdd02da83561a34bb52a3eb7be5d226
Crueger,"⭐Slayed
(prod. CXO & runnaberto)","Previewed for the first time in December 2023. According to CXO the song will never release due to it not being cleared. A new snippet leaked by Che Hub on August 16th, 2025. It was previewed again via Che Hub on November 23rd, 2025. Finally it leaked after a 2x blind groupbuy along with ""Count It Up"". for $2,100 on January 14th, 2026.",2:30,2023,"Jan 14, 2026",Full,High Quality,https://pillows.su/f/0fe6ec5700ae9dd9bfe2092820603658
Crueger,"Soulja
(prod. CXO)
(Sweet Sixteen)","This track leaked for free on December 8th, 2023.",1:06,2023,"Dec 8, 2023",Full,High Quality,https://pillows.su/f/c0cea2ce3791fbfdb9910d8a4d050efa
Crueger,"Spook
(prod. CXO)",Discord VC screen recording that leaked in 2024. Supposedly meant for Crueger Deluxe.,1:28,2023,2024,Full,High Quality,https://pillows.su/f/144eacd17100e03e46a11e5c4c515f17
Crueger,"✨Stupid
(prod. CXO)","First previewed by CXO on his IG live on September 15th, 2024. Then it was previewed by Che Hub on July 14th, 2025. It was later previewed again at a Roblox virtual concert on July 29th, 2025. It eventually leaked in full after a successful groupbuy on September 23rd, 2025.",2:48,2023,"Sep 23, 2025",Full,High Quality,https://pillows.su/f/ab6bf1db81f1287903013754d54e8b7f
Crueger,"Yop
(feat. Slump6s) (prod. CXO & Swishrr)","OG Filename: che slump yop prod natecxo swish
Leaked in full on August 25th, 2024.",2:28,2023,"Aug 25, 2024",OG File,Lossless,https://pillows.su/f/1a7e7c50de6d7e2a41a2b69d1f1dcf13
,Features,,,,,,,
Crueger,"kura - Popstar
(feat. Che) (prod. Pi'erre Bourne)","Leaked in full on January 8th, 2025.",2:34,2023,"Jan 8, 2025",Full,CD Quality,https://pillows.su/f/47e636f02cde683df215260b8950f08e
Crueger,"kura - Prada Socks
(feat. Che) (prod. Pi'erre Bourne)","Leaked in full on January 8th, 2025.",2:18,2023,"Jan 8, 2025",Full,High Quality,https://pillows.su/f/533c068028bc55b16e71c02a12d77116
Crueger,"OsamaSon - Dnt Trip
(feat. Slump6s) (prod. Che & CXO)
(Don't Trip)","OG Filename: slump osama dnt trip prod che natecxo
A throwaway song by OsamaSon with Che production, but no Che vocals. Played by hitechstef on IG Live in June 2023, file was also seen on Osama's story at some point.",2:07,2023,"May 13, 2024",OG File,High Quality,https://pillows.su/f/03d887a9adcfe9ac5684d9017e14f248
Crueger,"⭐OsamaSon - pour up
(feat. Che) (prod. ok)","OG Filename: osama x che - pour up prod ok
Original version of OsamaSon and Nettspend's song 'pour up' with a Che verse instead of Nett's. Was previewed on August 16th, 2025. Leaked by Goin Ham August 17th, 2025..",2:42,2023,"Aug 17, 2025",OG File,High Quality,https://pillows.su/f/e8636737f634a2257e5706669c004e0a
Crueger,"🗑️tana - holdin bck
(feat. Che) (prod. ???)
(Holding Back)","Leaked in full on January 9th, 2025.",2:37,2023,"Jan 9, 2025",Full,High Quality,https://pillows.su/f/571453ec729957bfd80af132998a9256
,OG Files for Released Songs + Alt Mixes,,,,,,,
Crueger,"Badu
(prod. CXO & Che)","OG Filename: 8 badu prod che
Filename known from a SoundCloud exploit.",-,2023,-,Confirmed,Not Available,N/A
Crueger,"Batman
(prod. CXO & Che)","OG Filename: 4 batman prod che natecxo
Filename known from a SoundCloud exploit.",-,2023,-,Confirmed,Not Available,N/A
Crueger,"Busan
(prod. CXO & Che)","OG Filename: 3 busan prod che natecxo
Filename known from a SoundCloud exploit.",-,2023,-,Confirmed,Not Available,N/A
Crueger,"Call Me
(prod. CXO)","OG Filename: 9 call me prod natecxo
Filename known from a SoundCloud exploit.",-,2023,-,Confirmed,Not Available,N/A
Crueger,"BMG - Cypher174
(feat. Cayo, Che, kadin, boofin & calvyn) (prod. greedmp3)","OG Filename: cypherrrr_8_16_23
Filename known from a SoundCloud exploit.",-,"Aug 16, 2023",-,Confirmed,Not Available,N/A
Crueger,"Far
(prod. sadbalmain & yetii)","OG Filename: 1. Che (praiseche) -far (prod. sadbalmain + yetii)
Filename known from a SoundCloud exploit.",-,-,-,Confirmed,Not Available,N/A
Crueger,"✨Flaws [V1]
(prod. ok)","Leaked on December 8th, 2025. This version features production from ok.",2:44,2023,"Dec 8, 2025",Full,High Quality,https://pillows.su/f/d768eaefae43eda1313f11a612d9458a
Crueger,"Gah Damn
(prod. CXO & Che)","OG Filename: 5 gah damn prod che natecxo
Filename known from a SoundCloud exploit.",-,2023,-,Confirmed,Not Available,N/A
Crueger,"Japan
(prod. CXO)","OG Filename: che japan final Master
Filename known from a SoundCloud exploit.",-,2023,-,Confirmed,Not Available,N/A
Crueger,"Ok Den
(prod. CXO & Che)","OG Filename: 1 ok den prod_che natecxo
Filename known from a SoundCloud exploit.",-,2023,-,Confirmed,Not Available,N/A
Crueger,"Right Now
(prod. Che)","OG Filename: 6 right now prod che
Filename known from a SoundCloud exploit.",-,2023,-,Confirmed,Not Available,N/A
Crueger,"Sayso
(prod. CXO & Che)","OG Filename: 02 sayso prod che natecxo
Filename known from a SoundCloud exploit.",-,2023,-,Confirmed,Not Available,N/A
Crueger,"⭐️tango
(feat. Slump6s & OsamaSon) (prod. CXO)
(Russian)","OG Filename: slump x osama x che tango
Leaked under the name ""Russian"". Leaked on October 20th, 2023.",2:17,2023,"Oct 20, 2023",OG File,High Quality,https://pillows.su/f/49c9b403dde1a27128cb1352281469bb
Crueger,"That's My Type
(prod. Che)","OG Filename: 7 Thats My Type Prod Che
Filename known from a SoundCloud exploit.",-,2023,-,Confirmed,Not Available,N/A
Crueger,"Tony Tony
(prod. Che & CXO)","OG Filename: che tony tony final
Filename known from a SoundCloud exploit.",-,2023,-,Confirmed,Not Available,N/A
Crueger,"Topanga
(prod. CXO)","OG Filename: che - topanga (prod natecxo) - 10/23/23, 6.38 PM
Filename known from a SoundCloud exploit.",-,"Oct 23, 2023",-,Confirmed,Not Available,N/A
Crueger,"Yhapojj - Bestfriend
(feat. Che) (prod. SouljaSpirits & Emildollaz)","OG Filename: bestfriend
Filename known from a SoundCloud exploit.",-,-,-,Confirmed,Not Available,N/A
Crueger,"Yhapojj - Foreign [V2]
(feat. Che) (prod. SouljaSpirits & Kvng Darko)
(Yo gotti hairline)","OG Filename: Yo gotti hairline
Filename known from a SoundCloud exploit.",-,-,-,Confirmed,Not Available,N/A
,Snippets,,,,,,,
Crueger,"@
(prod. Che)","Previewed on September 30th, 2023.",-,2023,"Sep 30, 2023",Snippet,Recording,https://imgur.com/W3lvJCe
Crueger,"6 Piece Combo Freestyle
(prod. ???)",Previewed sometime in 2023.,-,2023,2023,Snippet,High Quality,"https://imgur.com/hKif40M
https://imgur.com/S5OHQNO"
Crueger,"🏆Aint True
(prod. Che)
(OK CRUE)","OG Filename: Aint True Prod Che
This track was first previewed by Che on October 11th, 2023. Then it was previewed again on November 17th, 2023. A CDQ snippet of the song leaked on February 23rd, 2025. The song has since been passed, which has resulted in more snippets. Most recent of which being March 5th, 2025. Part of the rumored Crueger Deluxe.",-,2023,"Mar 5, 2025",Partial,High Quality,"https://imgur.com/oZQV5vk
https://imgur.com/GVVvxHU
https://imgur.com/4pYHELz
https://imgur.com/rXiBRGL
https://imgur.com/CJIC4zr"
Crueger,"🥇Aw Shit*
(prod. CXO)
(Million Dollars)",Previewed sometime in 2023.,-,2023,2023,Snippet,Recording,https://imgur.com/G2BNMMj
Crueger,"BABY ANGEL [V1]
(prod. 9lives, psyndguap & wtfvaluuuu)","OG Filename: CHE BABY ANGEL OPEN 163 Ab MINOR
This track was first previewed on Che's IG story on October 28th, 2023. Then it was previewed again on November 10th, 2023. After being highly anticipated for a long time, the song would leak on August 22nd, 2024. The leaked snippet is a screen recording of a Discord VC.",3:05,"Oct 2?, 2023","Aug 22, 2024",Partial,High Quality,"https://pillows.su/f/863ef6fb22b96ec0791bfc0b584849ba
https://imgur.gg/f/urZ1CqU"
Crueger,"🥇BABY ANGEL [V2]
(feat. xaviersobased) (prod. 9lives)","Snippet of a seemingly updated ""BABY ANGEL"" teased by 9lives on his Instagram, possibly hinting at a release on an upcoming tape. Previewed sometime in 2023. A snippet leaked on February 21st, 2026, revealing a xaviersobased feature. Most of the song played by the producer at a show on March 6th, 2026.",-,2023,"Mar 6, 2026",Snippet,High Quality,"https://imgur.gg/f/Rxoqzr1
https://imgur.gg/f/u8RnCTT
https://imgur.gg/f/RktEfEH"
Crueger,"Birthday Cakes
(prod. spacecoup)
(Cake)","Previewed by @whitecollarwill on IG on August 29th, 2023.",-,2023,"Aug 29, 2023",Snippet,Recording,https://imgur.com/eCwSfYa
Crueger,"Black Star*
(prod. Che)
(Casa)","Previewed on September 16th, 2023.",-,2023,"Sep 16, 2023",Snippet,Recording,https://imgur.com/mUEkqp3
Crueger,"🏆Crueger Szn
(prod. Che)
(Crueger Season)","Previewed on September 28th, 2023. Was thought to be on Crueger, but ended up not dropping on it.",-,2023,"Sep 28, 2023",Snippet,Recording,"https://imgur.com/JZQRfML
https://imgur.com/9GL6uw6"
Crueger,"Dat's Dead
(prod. ???)","OG Filename: dats_dead
Snippet leaked on March 11th, 2025.",-,2023,"Mar 11, 2025",Snippet,High Quality,https://imgur.com/tY6WsbZ
Crueger,"Hiccup
(prod. CXO)","First previewed by DJ TERRORIST on April 23rd, 2024. Then it was previewed by Che Hub in high quality on August 22nd, 2025.",-,2023,"Aug 22, 2025",Snippet,High Quality,https://imgur.com/zB1oY3j
Crueger,"M30
(prod. 9lives)","Previewed by Che Hub on April 16th, 2026.",-,2023,"Apr 16, 2026",Snippet,High Quality,https://imgur.com/a/qRimQcV
Crueger,"Not Yo Bitch
(prod. CXO)","OG Filename: not yo bitch p natecxo
Snippet leaked on March 11th, 2025.",-,2023,"Mar 11, 2025",Snippet,High Quality,https://imgur.com/8ArLfI2
Crueger,"🏆Paid
(prod. gyro)","This track was previewed for the first time on Instagram in December of 2023. A snippet leaked on June 17th, 2025. Shares the same instrumental as ""Worldwide"" by OsamaSon.",-,2023,"Jun 17, 2025",Snippet,High Quality,"https://imgur.com/mUH33b3
https://imgur.com/WczJhWu"
Crueger,"Royal Rumble
(prod. Che)","Previewed on September 9th, 2023.",-,2023,"Sep 9, 2023",Snippet,Recording,https://imgur.com/DzRRNMU
Crueger,"Shoot At Yo Head*
(prod. Che)",Previewed sometime in 2023.,-,2023,2023,Snippet,Recording,https://imgur.com/AzBilOz
Crueger,"WHO
(prod. Che)
(Who Is He?)","Previewed on September 9th, 2023.",-,2023,"Sep 9, 2023",Snippet,Recording,https://imgur.com/8YHUz7f
"5 OG File(s)
62 Full
1 Tagged
1 Partial
16 Snippet(s)
0 Stem Bounce(s)
7 Unavailable",Sayso Says,"(Oct 31st, 2023) (Crueger is officially released on all platforms)
(Nov 1st, 2023) (Che would take to social media and say ""Crueger Deluxe"" was on the way, but it would seemingly be abandoned later on with no updates being posted after this)
(Aug 30th, 2024) (Sayso Says is officially released on all platforms)",,,"Che spent months teasing the album, previewing many songs on social media and collaborating with influencers to draw more eyes to his rollout. On June 29, he would appear on stream with Young Dabo and preview “ENJOY YOUR LIFE” and “Children Shouldn’t Play With Dead Things,” both of which became fan favorites during the buildup to the album’s release. Che next participated in plaqueboymax’s popular Song Wars series on Twitch, where he would again preview “ENJOY YOUR LIFE.”",,,
,Full,,,,,,,
Sayso Says,"Another Dollar
(prod. CXO)","Leaked in full on January 25th, 2025.",1:56,-,"Jan 25, 2025",Full,High Quality,https://pillows.su/f/756cfac139724b6dba67057adb37f7b3
Sayso Says,"Ay Okay
(prod. CXO)
(Gravedigger)","This track was first previewed on January 12th, 2025. This song leaked for free by Goin Ham, along 5 other songs known as the ""Valentine Day Leaks"".",2:12,-,"Feb 14, 2025",Full,High Quality,https://pillows.su/f/de08b0e09cc44b32b5ffa332a2af9f9d
Sayso Says,"✨Blackout
(prod. Che)","Previewed on September 9th, 2025. Leaked on December 25th, 2025 after a successful groupbuy. Recorded in 2024.",1:56,2024,"Dec 25, 2025",Full,High Quality,https://pillows.su/f/32c392b09783c2ec3a7d533b2f3b9e7a
Sayso Says,"Blood Popsicle
(prod. Internet Money)","Half of the song was leaked in CDQ by Undaway. The song leaked by Goin Ham for free on July 12th, 2025.",2:41,-,"Jul 12, 2025",Full,High Quality,https://pillows.su/f/c756da93ce1144b09ca85884a19132e2
Sayso Says,"✨Body Drop
(prod. 10k & Che)","Leaked in full on July 12th, 2025. Features a long open verse in the latter half of the track.",2:01,2024,"Jul 12, 2025",Full,High Quality,https://pillows.su/f/d02ae6a161eaea95cf6ebbda6a054f77
Sayso Says,"⭐Brush Your Teeth
(prod. Ginseng & Cedric & trueblissss)","This song leaked for free by Goin Ham, along 5 other songs known as the ""Valentine Day Leaks"".",2:46,-,"Feb 14, 2025",Full,High Quality,https://pillows.su/f/94cb9a90a6c101bd7c025461d6d32b4c
Sayso Says,"Can't Read Minds
(prod. gyro & Che)","This track was first previewed on April 30th, 2025. Song leaked in later that day after a succesful GB.",1:56,-,"Apr 30, 2025",Full,CD Quality,https://pillows.su/f/4ef2efc8aca3982e83f82b084938013b
Sayso Says,"Caught U Up
(prod. Lucid)
(Caught You Up)","A snippet surfaced on May 21st, 2025. Leaked on June 6th, 2025 after a successful GB.",1:17,-,"May 22, 2025",Full,High Quality,https://pillows.su/f/4a68379896eb4729a893fe5f0f6e0426
Sayso Says,"Clark Kent
(prod. Internet Money)
(Top Gun)","Leaked by Goin Ham, with tags on April 27th, 2025. Untagged file leaked on July 4th, 2025.",2:26,-,"Jul 4, 2025",Full,High Quality,https://pillows.su/f/959d225172fc16979c697537fcfb899b
Sayso Says,"⭐Colors
(prod. Lucid & CXO)","First snippet surfaced by Che Hub on August 6th, 2025. It was previewed again on February 22nd, 2026. It leaked as a bonus to the ""Light"" groupbuy on February 24th, 2026.",2:40,2024,"Feb 24, 2026",Full,High Quality,https://pillows.su/f/32d435e24b1a4d9f1282ea483bd76b91
Sayso Says,"⭐Comma Killer
(prod. CXO)
(Sayso Comma Killer)","On the 25th of December, a snippet of ‘Comma Killer’ was previewed on CXO’s Instagram story, with the caption “Sayso Comma Killer”, accompanied by a visualizer similar to the style of previous Sayso Says era music videos and promotional teasers/media. Leaked in full on March 20th, 2025 after a succesful GB.",2:04,2024,"Mar 20, 2025",Full,High Quality,https://pillows.su/f/8043275bf1e3d08fb73cea1761c81ae8
Sayso Says,"⭐Count It Up
(prod. CXO & Lucid)
(Counterfeit)","First previewed on IG live by CXO in early 2024. Then it was previewed again, this time by Che on May 6th, 2024. It was previewed again by Che Hub on November 23rd, 2025. Finally it leaked after a 2x blind groupbuy along with ""Slayed"". for $2,100 on January 14th, 2026.",2:00,2024,"Jan 14, 2026",Full,High Quality,https://pillows.su/f/ddcb2d1df40d72fc626a8fdcbe61de90
Sayso Says,"✨Count Ya Bands
(prod. Supah Mario)","First previewed by Che Hub on April 19th, 2025. Leaked on November 18th, 2025 as a bonus to the Since You Started and Hello Kitty groupbuy.",1:29,2024,"Nov 18, 2025",Full,High Quality,https://pillows.su/f/818a328bf5f93199dd4f6c5f46e3df54
Sayso Says,"Dance
(prod. CXO)","OG Filename: dance
A snippet surfaced on March 21st, 2025. Leaked by Che Hub Furry aka Praisepaw on July 16th, 2025.",2:26,2024,"Jul 16, 2025",OG File,Lossless,https://pillows.su/f/d963ad658f625c20648bb64ee4267601
Sayso Says,"✨Da Realest
(prod. ???)","First snippet was previewed by Che Hub on September 29th, 2025. Leaked on November 18th, 2025 as a bonus to the Since You Started and Hello Kitty groupbuy.",1:49,2024,"Nov 18, 2025",Full,High Quality,https://pillows.su/f/4861e1e0bb1782415fb286db40e125c6
Sayso Says,"✨Dead President
(prod. runnaberto & CXO)","Previewed on December 15th, 2025. Leaked as a bonus to the ""Promises"" groupbuy on January 22nd, 2026.",1:37,2024,"Jan 22, 2026",Full,High Quality,https://imgur.gg/f/PGBseap
Sayso Says,"DK My Name
(prod. Che)
(Don't Know My Name)","First snippet was previewed by Che Hub on April 29th, 2025. Leaked for free via Che Hub on October 29th, 2025.",2:48,2023,"Oct 29, 2025",Full,High Quality,https://pillows.su/f/d652673c6e3e0f19a5752d496dfd66af
Sayso Says,"Don't Need Nobody
(prod. Lucid)","Recorded in 2024, snippet surfaced on May 21st, 2025. Song surfaced on June 6th, 2025 after a successful group buy.",2:10,-,"Jun 6, 2025",Full,High Quality,https://pillows.su/f/8eacd739fef94bde45418c6acee3950f
Sayso Says,"Don't Ruin My Moment
(prod. 10k & Che)
(2016)","Snippet surfaced March 9th, 2025. Leaked for free by Goin Ham alongside ""VAMPIRE"" on August 16th, 2025.",2:35,2024,"Apr 16, 2025",Full,High Quality,https://pillows.su/f/c9d2e2dd67afe581fd30fef4b69d4f29
Sayso Says,"⭐Dracula
(prod. gyro)","Recorded in 2024, snippet surfaced on April 26th, 2025. Song surfaced on May 5th, 2025 after a successful groupbuy",2:23,2024,"May 5, 2025",Full,High Quality,https://pillows.su/f/e9199241c9ad81df7a5a064bfac5d0d4
Sayso Says,"✨Figure It Out
(prod. Izayah)
(Donald Glover)","Snippet leaked via Che Hub on February 25th, 2025. Leaked from a successful GB on March 9th, 2025.",2:48,-,"Mar 9, 2025",Full,High Quality,https://pillows.su/f/2a190a23eab9c51e791898be3630297a
Sayso Says,"Flesh
(prod. MISOGI & LOVE&PEACE)","First previewed on April 16th, 2025. This track was bundled with ""VIP"" in the GB and leaked along with it on April 23rd, 2025 after a successful GB.",2:18,-,"Apr 23, 2025",Full,High Quality,https://pillows.su/f/920f15e2f5b4a7dbc7442f5b181ca2a5
Sayso Says,"Friends
(prod. Che)","Previewed on April 16th, 2025. Leaked for free on April 23rd, 2025.",2:05,2024,"Apr 23, 2025",Full,High Quality,https://pillows.su/f/e46c3b81d1ab714fd724ff8d334293d7
Sayso Says,"Full Of Bitches
(prod. CXO)","First snippet was previewed by Che Hub on April 29th, 2025. Leaked for free via Che Hub on October 29th, 2025.",1:22,2023,"Oct 29, 2025",Full,High Quality,https://pillows.su/f/f36d1db62c5c17b3199457ac27dbae54
Sayso Says,"⭐Get Rich
(prod. CXO)","First previewed on a Roblox virtual concert on July 29th, 2025. A second snippet leaked on December 13th, 2025. It ended up leaking after a successful groupbuy on December 17th, 2025.",2:49,2024,"Dec 17, 2025",Full,High Quality,https://imgur.gg/f/88rK67I
Sayso Says,"Hands Up
(prod. Ginseng & Jay Trench)","Leaked in full on May 4th, 2025.",1:41,-,"May 4, 2025",Full,High Quality,https://pillows.su/f/f6c141e6f997915616e8deb2a7a06793
Sayso Says,"Jet Set Radio
(prod. Che)","Leaked by Goin Ham for free on July 8th, 2025.",1:44,2024,"Jul 8, 2025",Full,High Quality,https://pillows.su/f/b7e15a8f29c364b5af2f452a87e65240
Sayso Says,"⭐Karma
(prod. Ginseng)
(Throw Your Bottles Up)","Leaked for free on April 27th, 2025.",2:21,-,"Apr 27, 2025",Full,High Quality,https://pillows.su/f/9cd1306e28192207a08246dec6334893
Sayso Says,"Keep It A Hunnid
(prod. Che)","This track was first previewed by Che on February 5th, 2024 in high quality on @ripmansion on IG. It leaked on January 8th, 2025.",2:14,"Feb ??, 2024","Jan 8, 2025",Full,High Quality,https://pillows.su/f/ef7e7c3252683e3a11e9c7ed689a5e9b
Sayso Says,"Mileage
(prod. Ginseng)","This song leaked for free by Goin Ham, along 5 other songs known as the ""Valentine Day Leaks"".",2:29,-,"Feb 14, 2025",Full,High Quality,https://pillows.su/f/62ea9d3b86727e3621164b292dbe3b55
Sayso Says,"✨Money Shower
(prod. ​CXO & J0se)
(Root Of Evil)","This song leaked for free by Goin Ham, along 5 other songs known as the ""Valentine Day Leaks"".",2:08,-,"Feb 14, 2025",Full,High Quality,https://pillows.su/f/ec0d752333f804b4403a756f3071f974
Sayso Says,"Nightmare
(prod. legion)","Leaked for free on April 18th, 2025.",2:44,-,"Apr 18, 2025",Full,High Quality,https://pillows.su/f/a03c87819e427b8f730994cef0b5ccae
Sayso Says,"Nothin' But Net
(feat. rari) (prod. CXO)
(Project X)","This track was previewed on March 25th, 2025 on IG live. A CDQ snippet later leaked on July 14th, 2025. Leaked as a bonus to the ""U ASKED FOR IT"" groupbuy on August 31st, 2025.",2:17,2024,"Aug 31, 2025",Full,High Quality,https://pillows.su/f/689280a8cc2e6ad5c24f0a20f4db912f
Sayso Says,"On Me
(prod. Che & Lucid)","Previewed through Che Hub on January 21st, 2026. It ended up leaking for free on March 1st, 2026.",1:46,2024,"Mar 1, 2026",Full,High Quality,https://pillows.su/f/13d881fe14e19a300f13f740775e8b6f
Sayso Says,"On My Collar
(prod. Che)
(Molly, VIP)","This track shares the same instrumental as ""VIP"". Leaked on February 25th, 2025.",2:06,-,"Feb 25, 2025",Full,High Quality,https://pillows.su/f/39cad8e32cedd0c37662c5157b7a1d9e
Sayso Says,"⭐VIP
(prod. Che)
(On My Collar, Molly)","First previewed on April 16th, 2025. This track was bundled with ""VIP"" in the GB and leaked along with it on April 23rd, 2025 after a successful GB. This track shares the same instrumental as ""ON MY COLLAR"", but this song features a deep voice.",1:50,2024,"Apr 23, 2025",Full,High Quality,https://pillows.su/f/3e0191d57fd10e027cca217f3be06de4
Sayso Says,"Pain
(prod. gyro & Warren Hunter)
(Pain Interlude)","Snippet originates from a dereknlmb stream. Leaked by Goin Ham for free on July 8th, 2025.",3:05,2024,"Jul 8, 2025",Full,High Quality,https://pillows.su/f/f982d74f302619209e4e06a79e0aa570
Sayso Says,"Promethazine
(prod. ???)","Leaked for free alongside ""BLOOD POPSICLE"" and ""BODY DROP"" on July 12th, 2025.",2:11,-,"Jul 12, 2025",Full,High Quality,https://pillows.su/f/4f3fdee31e8529c3ff6848a6d3d4c6f9
Sayso Says,"Sex For Breakfast
(prod. 10k)
(Checks, Che Che)","Previewed in September of 2024, then leaked by Goin Ham with tags on April 27th, 2025. Untagged file leaked on July 4th, 2025.",2:11,-,"Jul 4, 2025",Full,High Quality,https://pillows.su/f/68e0778d601d789a97b00da7aab6d267
Sayso Says,"⭐Show Out
(prod. CXO)
(Let's Turn The Bass Up!)","Leaked after a successful groupbuy on April 17th, 2025. Has a distinctly disco-like sound.",2:21,-,"Apr 17, 2025",Full,High Quality,https://pillows.su/f/03873ec46e08d01c704e30f5c74f2c04
Sayso Says,"⭐So Bad
(prod. CXO)
(baby gronk to the patriots)","This tagged song leaked for free by Goin Ham, along 5 other songs known as the ""Valentine Day Leaks"".",2:28,-,"Feb 14, 2025",Tagged,High Quality,https://pillows.su/f/8bd2c4c497ca44ddae7d5b49a2f01e3c
Sayso Says,"Stab Your Back
(prod. Ginseng, ​ryanjacob & ​grassarrows)","This track leaked after a succesful groupbuy on March 15th, 2025.",1:56,-,"Mar 15, 2025",Full,High Quality,https://pillows.su/f/93df9f160e2f925d1d3acb2f8105c933
Sayso Says,"Sticks
(prod. Che)","Leaked for free by Goin Ham on July 4th, 2025.",1:32,2024,"Jul 4, 2025",Full,High Quality,https://pillows.su/f/f0138a22f12409346fa37af1f7aa8fb1
Sayso Says,"Stupid
(prod. Gabrius)","Leaked by DJ TERRORIST and DJ PEDOPHILE on January 2nd, 2024.",1:19,2023,"Jan 2, 2024",Full,High Quality,https://pillows.su/f/1f5aed7b949fa2573a0a4c5401d5beae
Sayso Says,"✨Tattletales
(prod. gyro)","OG Filename: CHE - TATTLETALES
Leaked by Goin Ham for free on August 17th, 2025.",2:35,2024,"Aug 17, 2025",OG File,Lossless,https://pillows.su/f/257bb85e63c933df13f76684745a1845
Sayso Says,"That's What Love Is
(prod. Ginseng & sean baby)
(Kill Yo Self)","This track was first previewed on February 21st, 2025. It ended up leaking later that night after a succesful groupbuy.",2:10,-,"Feb 21, 2025",Full,High Quality,https://pillows.su/f/8191886ba1078ff5d4a31264ee170809
Sayso Says,"Throwing 1s
JUMP
(prod. CXO)","First previewed by Che Hub on April 19th, 2025. It was later previewed again on July 22nd, 2025, once again by Che Hub. Leaked after a successful groupbuy on November 23rd, 2025.",2:11,2024,"Nov 23, 2025",Full,High Quality,https://pillows.su/f/5f54d822da2ced769c0371b65315b53a
Sayso Says,"Ticking Off
(prod. runnaberto)","This track was first previewed by whitecollarwill on April 3rd, 2024. The track would eventually leak on January 18th, 2025.",2:09,2023,"Jan 18, 2025",Full,High Quality,https://pillows.su/f/7cf4c403760c2d03b67dcc85c297d266
Sayso Says,"✨Top Dollar
(prod. Ginseng)
(TOP OFF, WHAT YOU FEEL)","Leaked in full on January 20th, 2025.",2:08,2023,"Jan 20, 2025",Full,High Quality,https://pillows.su/f/4c8c0e95a224db24a5eba24acb527b0f
Sayso Says,"U Asked For It
(prod. CXO)
(You Asked For It)","Snippet leaked on August 20th, 2025. Leaked through a successful groupbuy on August 31st, 2025.",2:03,2023,"Aug 31, 2025",Full,High Quality,https://pillows.su/f/13a5d16b483704ee325df9d448a3d4d8
Sayso Says,"Want To
(prod. dvertigo)
(Need Everything)","First previewed by dvertigo via an Instagram live on April 28th, 2025. On July 18th, 2025, a CDQ snippet would surface. The track would then leak in full after a successful GB on September 21st, 2025.",1:47,2024,"Sep 21, 2025",Full,CD Quality,https://pillows.su/f/7f8b93890bd566625f2092a02f67c7ff
Sayso Says,"✨What's On Your Mind? 
(SMELL LIES)
(prod. Legion)","OG Filename : CHE_-_SMELL_LIES_LEGION
Leaked on November 18th, 2025 as a bonus to the Since You Started and Hello Kitty groupbuy.",1:57,2024,"Nov 18, 2025",Full,CD Quality,https://pillows.su/f/7cdb3aba1ef22f2e653acfa2d7c7eb76
Sayso Says,"Would You Lie?
(prod. Lucid)
(Living Lavish)","This song leaked for free by Goin Ham, along 5 other songs known as the ""Valentine Day Leaks"".",2:13,2024,"Feb 14, 2025",Full,High Quality,https://pillows.su/f/83e7a352318db91dd746ad011c752853
Sayso Says,"Xan
(prod. CXO)","This track was first previewed on February 21st, 2025. Leaked in a groupbuy on June 28th, 2025.",2:05,2024,"Jun 28, 2025",Full,High Quality,https://pillows.su/f/426e9b0d8b5e864205342cee8b821f9d
Sayso Says,"✨Zob Rombie
(prod. Ginseng, ​sean baby & LOVE&PEACE)
(Jeff Hardy, Superman, Rob Zombie, No Neon, Everybody)","This track was first previewed on November 2nd, 2024 during the Sayso Says Bleed Tour in Atlanta. High quality snippet leaked on March 11th, 2025. A CDQ snippet surfaced on April 15th, 2025. The track finally leaked after a succesful groupbuy on April 25th, 2025.",2:17,2024,"Apr 25, 2025",Full,High Quality,https://pillows.su/f/8bbfcbd44969ae2bd362b7edf6f17ccb
,Features,,,,,,,
Sayso Says,"OsamaSon - Do 'Em Bad
(feat. Che) (prod. Warren Hunter)
(Bands, New Chanel)","OG Filename: do em bad
First previewed by stunmic on January 4th, 2024. Later previewed again by stunmic on February 21st, 2024 on an IG live. Eventually it leaked in full on December 25th, 2024.",2:21,"Dec ??, 2023","Dec 5, 2024",OG File,CD Quality,https://pillows.su/f/1578c28eda8d3c3fe0d4dcbd039fd788
Sayso Says,"⭐OsamaSon - kkutup [V3]
(feat. Che) (prod. gyro)
(Kuttup)","OG Filename: kuttup open
Version of kkutup featuring Che. Was thought to exist until the song released as a solo version, then the version with Che was thought to not exist. This version eventually leaked in full on May 31st, 2024",2:59,"Nov 24, 2023","May 31, 2024",OG File,CD Quality,https://pillows.su/f/1b9924c6961eb235cfc356ea51847236
,OG Files for Released Songs + Alt Mixes,,,,,,,
Sayso Says,"Diamonds [V1]
(prod. Che)
(BEFORE THE NIGHT ENDS)","Snippet surfaced February 20th, 2025 via Che Hub. Leaked in full after a successful GB on February 21st, 2025. On May 28th, 2025, Che would release the song on his alternate Soundcloud. Song is originally from SAYSO SAYS era.",2:52,2024,"Feb 21, 2025",Full,High Quality,https://pillows.su/f/e9022dcebd8de99a80f286631fe55116
Sayso Says,"guap baby
(prod. 4our3va)","OG Filename: guap_baby
Filename known from a SoundCloud exploit.",-,-,-,Confirmed,Not Available,N/A
Sayso Says,"✨Light [V1]
(prod. prettifun)","A snippet of Che's verse was previewed by prettifun via his Instagram on October 31st, 2024. A CDQ snippet leaked on July 20th, 2025. Was thought to feature prettifun vocals before leaking, but this version is actually a solo Che song and features only prettifun's production. It leaked after a successful groupbuy of $960 on February 24th, 2026. Uses the same instrumental as the Prettifun song with the same name.",2:12,2024,"Feb 24, 2026",Full,High Quality,https://pillows.su/f/e65e95016013cab1cfae9eef49bc896f
Sayso Says,"prettifun - Light [V2]
(feat. Che) (prod. prettifun)","prettifun most likely recorded on this beat after Che told him that he would not release his own version of the song. Because prettifun previewed a version with a Che verse on his instagram, it is possible the version previewed was one where Che was still present on the track as a feature. We have no hard confirmation of this, however.",-,2024,-,Rumored,Not Available,N/A
Sayso Says,"prettifun - Light [V3]
(prod. prettifun)","OG Filename: light
prettifun would end up releasing this song as his own solo version on his album, ""Pretti"". OG file is for the one on streaming services, most likely.",3:00,2024,-,Confirmed,Not Available,N/A
Sayso Says,"✨Miley Cyrus [V1]
​(prod. prettifun)","Original version of 'Miley Cyrus'. This version features alternate production and an extra verse. This version leaked on January 26th, 2025.",3:17,"Mar 26, 2024","Jan 26, 2025",Full,High Quality,https://pillows.su/f/8c3169c98a276761d85ce0bf90e8ad97
Sayso Says,"Miley Cyrus [V2]
(prod. prettifun)","OG Filename: miley fin cut actually fr
Leaked on July 27th, 2025. This is the OG file for the released version of the song.",2:18,"Mar 26, 2024","Jul 27, 2025",Full,High Quality,https://pillows.su/f/643a0d46c9a7335987b2b16fac5c3e5f
Sayso Says,"Pizza Time [V1]
​(prod. prettifun)","The original demo version of 'Pizza Time' with different voice lines throughout the track, slightly different vocal mixing, and no 808 switch.",1:59,"Mar 24, 2024","May 28, 2024",Full,High Quality,https://pillows.su/f/28860de9c98603fddc21a55e60ebee3e
Sayso Says,"Pizza Time (Nukemix)
​(prod. prettifun)","This is the music video mix of Pizza Time. Leaked on July 27th, 2025.",1:59,"May 7, 2024","Jul 27, 2025",Full,High Quality,https://pillows.su/f/cfd0b3241e58d5eb8f08f83fe35cef53
Sayso Says,"Saska - SASKA YOU MADE IT [V1]
(prod. Che & Saska)
(Catch My Speed)","Both snippets were previewed on April 22nd, 2025 by Che Hub. Leaked as a bonus to the Light groupbuy on March 14th, 2026. This version is a Saska demo and features no Che vocals.",2:22,2024,"Mar 14, 2026",Full,High Quality,https://pillows.su/f/43cd57f6fcb21aba92c36a916d9fb56c
Sayso Says,"School Girl Sashimi [V1]
(prod. Che & J0se)","Both snippets were previewed by Che Hub on May 22nd, 2025. Leaked as a bonus in the ""ALL RED"" groupbuy on September 30th, 2025.",2:23,2024,"Sep 30, 2025",Full,High Quality,https://pillows.su/f/186ea3f1426415c9abbe129e18daf3c5
Sayso Says,"Sip Mansion [V2]
(feat. Rich Amiri) (prod. Oliver Easton & ​Egobreak)","OG Filename: Sipmansion (egobreak olivereaston)
Filename known from a SoundCloud exploit.",-,-,-,Confirmed,Not Available,N/A
Sayso Says,"squad
(prod. tdf)","OG Filename: che - squad (prod. tdf)
Filename known from a SoundCloud exploit.",-,2024,-,Confirmed,Not Available,N/A
Sayso Says,"wake up count cake
(prod. Che)","OG Filename: wake up count cake
Filename known from a SoundCloud exploit.",-,-,-,Confirmed,Not Available,N/A
Sayso Says,"YDFWMNM? [V1]
(prod. Che)
(Goyard)","Very minor differences from the released version. Leaked a few days prior to the album releasing. Leaked on August 28th, 2024.",1:45,-,"Aug 28, 2024",Full,High Quality,https://pillows.su/f/e1d3a0cdc3ed429c4240d7e77f512021
,Tour Versions,,,,,,,
Sayso Says,"CUT OFF YOUR HANDS [Tour Version]
(prod. Warren Hunter)","OG Filename: CUT OFF YOUR HANDS TOUR VERS 1
This leaked in full on March 20th, 2025.",2:58,-,"Mar 20, 2025",OG File,Lossless,https://pillows.su/f/ce85c9a91041c80c91b96b52ca602a69
Sayso Says,"DON'T TELL NO1 [Tour Version]
(prod. skai)","This was performed live on October 28th, 2024 at Houston, Texas.",-,-,"Oct 28, 2024",Full,Performance,https://pillows.su/f/41d426c0c9f706147d1324702fecdc49
Sayso Says,"SASKA YOU MADE IT [Tour Version]
(feat. Saska) (prod. Che & Saska)","Snippet leaked on June 8th, 2025.",-,-,"Jun 8, 2025",Snippet,High Quality,https://imgur.com/aVpN64P
,Snippets,,,,,,,
Sayso Says,"🥇Big Dog
(prod. Jay Trench & Ginseng)","First snippet surfaced by Che Hub on August 6th, 2025. It was previewed again on December 23rd, 2025, then again on May 17th, 2026.",-,2024,"Dec 23, 2025",Snippet,High Quality,"https://imgur.com/bdz5Cjw
https://imgur.gg/f/lnQBrsm
https://imgur.gg/f/bMrtEiu"
Sayso Says,"Clout
(prod. CXO)","Previewed on November 10th, 2023.",-,2023,"Nov 10, 2023",Snippet,Recording,https://imgur.com/9zXAcYw
Sayso Says,"Crying In The Booth*
(prod. Che)","Previewed on @ripmansion's IG story on March 30th, 2024, session supposedly deleted. According to comm this song is a grail.",-,2024,"Mar 30, 2024",Snippet,Recording,"https://pillows.su/f/7970326b1f601b0ae000a63df0b25b31
https://pillows.su/f/41b825393596c4921ee3d03cec9dbb7a"
Sayso Says,"Fucked Up
(prod. Che)
(Guns and Trucks)","Previewed on December 19th, 2023.",-,2023,"Dec 19, 2023",Snippet,Recording,https://pillows.su/f/a16284384265cff032321cffc182d955
Sayso Says,"I Need That
(prod. ???)","Previewed through Che Hub on January 21st, 2026.",-,2024,"Jan 21, 2026",Snippet,High Quality,https://imgur.gg/f/YBAtQ49
Sayso Says,"M.I.A
(prod. ???)",Previewed on Glo's IG live sometime in 2024. Song from 2023. Unknown exactly what era this is from.,-,2023,2024,Snippet,Recording,https://imgur.com/0h8e0ew
Sayso Says,"Money In The Mattress*
(prod. Che & CXO)
(Money In My Mattress)","Fifth song that Che previewed on November 10th, 2023 on @ripmansion on IG.",-,2023,"Nov 10, 2023",Partial,Recording,"https://imgur.com/SquNQrh
https://imgur.com/dvi18B8"
Sayso Says,"Nobody Else*
(prod. CXO)
(Shoot Yo Party Up, Shoot Up Yo Party)","Fourth song that Che previewed on November 10th, 2023 on @ripmansion on IG.",-,2023,"Nov 10, 2023",Snippet,Recording,https://imgur.com/Lr9uVAp
Sayso Says,"Okay Bitch
(prod. Che & 10k)","First snippet was previewed by Che Hub on September 29th, 2025.",-,2024,"Sep 29, 2025",Snippet,High Quality,https://imgur.com/72QjeEa
Sayso Says,"Paid (Flip)
(prod. gyro & CXO)","Previewed on December 27th, 2024.",-,2024,"Dec 27, 2024",Snippet,High Quality,https://imgur.gg/f/XxKrpN4
Sayso Says,"🥇Prolly
(prod. Che)","First previewed by Che Hub on April 22nd, 2025.",-,2024,"Apr 22, 2025",Snippet,High Quality,https://imgur.com/VC19u3u
Sayso Says,"Tens On Tens
(prod. Che & CXO)","OG Filename: tens_on_tens_on_tens_che_nate
Previewed sometime in early 2024 by CXO. Then previewed again sometime in 2024?",-,2024,2024,Snippet,Recording,"https://imgur.com/U5L0pZB
https://imgur.com/fj7UHSj"
Sayso Says,"🥇U Mad
(prod. ok)
(What U Want, We Just Having Fun, Guap, How Dat Feel (Remix), Want My Nut)","OG Filename: che - u mad (prod ok)
Part of the rumored Crueger Deluxe. Snippet was previewed on Che's Instagram story, but was never released. Shares the same vocals from ""How Dat Feel"". This version has production by ok. File shown on ok's Instagram story on November 9th, 2025.",3:01,2024,"Nov 9, 2025",Snippet,High Quality,https://imgur.com/brW3TGs
Sayso Says,"What You Want (Remix)
(prod. ???)","Previewed through Che Hub on April 6th, 2025.",-,2024,"Apr 6, 2025",Snippet,High Quality,https://imgur.com/0TPdZFs
Sayso Says,"???
(prod. CXO)","Previewed by CXO on his IG live on September 15th, 2024.",-,2024,"Sep 15, 2024",Snippet,Recording,https://imgur.com/qvX99tN
Sayso Says,"🥇???
(prod. CXO & runnaberto)","Previewed by CXO on his IG live on September 15th, 2024.",-,2024,"Sep 15, 2024",Snippet,Recording,https://imgur.com/rcPRjto
,Unavailable,,,,,,,
Sayso Says,"[Unknown SoFaygo Collaborations]
(feat. SoFaygo)",,,-,"Aug 24, 2024",Confirmed,Not Available,N/A
"4 OG File(s)
25 Full
0 Tagged
1 Partial
6 Snippet(s)
0 Stem Bounce(s)
14 Unavailable","REST IN BASS
(Я✟B)","(Aug 30th, 2024) (Sayso Says is officially released on all platforms)
(Jan 17th, 2025) (Che capitalizes the ""c"" in Che)
(Feb 8th, 2025) (Che posts IG and Twitter posts with the caption ""REST IN BASS"")
(Jun 26th, 2025) (Che shows off the cover art for REST IN BASS and the album gets delayed due to the reception of the art)
(Jul 18th, 2025) (REST IN BASS is officially released on all platforms)",,,"On December 17th, 2024, antibain, Che’s VFX Editor and close affiliate, first mentioned the album. In Feburary 2025, Che would go on to announce the name of the project. He would do this through tweeting the name, changing his Instagram name, and creating a new Instagram account. A teaser to the album would be created by close affiliate PoppyGavin showcasing the album’s logo, and video clips of the music video to his song “Love (MKB),” which would release as a single on March 16th paired with a music video. On June 24, 2025, it was announced that REST IN BASS was rumored to see an official release on June 27th. Then on June 26, it was announced that REST IN BASS would not be dropping that Friday and would be delayed due to the controversy of the artwork. It would later release on July 17th, 2025 after being announced on July 14th by his close affiliate whitecollarwill.",,,
,Full,,,,,,,
REST IN BASS,"⭐All Red
(prod. skai)","First previewed through Che Hub on July 19th, 2025. It was then previewed again by Che Hub on September 26th, 2025. It ended up leaking in full on September 30th, 2025 after a successful groupbuy. OG file is known, but unleaked.",2:19,2024,"Sep 30, 2025",Full,High Quality,https://pillows.su/f/b8cc94aa93bf56cf6ac28e6e31b4777c
REST IN BASS,"✨ATL
(prod. skai)","First previewed in Che Hub on July 23rd, 2025. The song was forceleaked for free after weirdo (im73) tried to sell the song to 1x (mat) through a GC then it was forceleaked on October 15th, 2025.",2:00,2024,"Oct 15, 2025",Full,High Quality,https://pillows.su/f/c769af970d921853c3ed3f9e2f862cae
REST IN BASS,"At Night
(prod. CXO)","A snippet surfaced on May 20th, 2025. Leaked on May 25th, 2025 after a successful groupbuy.",2:18,2024,"May 25, 2025",Full,High Quality,https://imgur.gg/f/MhQhHZL
REST IN BASS,"⭐Change
(prod. MISOGI & Ginseng)","First snippet would surface through Che Hub on June 6th, 2025. It would then be previewed again by Che Hub on July 14th, 2025. It leaked on October 24th, 2025 after a successful groupbuy.",2:18,2024,"Oct 24, 2025",Full,High Quality,https://pillows.su/f/9868064813524119cd866ff926b71f06
REST IN BASS,"Fuckin' Up A Check
(prod. CXO)","Recorded in 2024, first snippet surfaced on May 21st, 2025, a second snippet would surface on May 28th, 2025. The song would surface on May 29th, 2025 after a successful groupbuy.",2:03,2024,"May 29, 2025",Full,High Quality,https://pillows.su/f/25bf7a56097df1a6169ae27e55b7bd15
REST IN BASS,"Hard For You To Smile
(prod. CXO)","A snippet was surfaced on March 20th, 2025. It eventually leaked on April 16th, 2025.",1:54,2024,"Apr 16, 2025",Full,High Quality,https://pillows.su/f/62884b7b48af42851feeca218ffa947e
REST IN BASS,"⭐Hello Kitty
(prod. CXO & Che)","This track was first previewed on September 23rd, 2025. Leaked after a successful groupbuy on November 18th, 2025.",1:35,2024,"Nov 18, 2025",Full,High Quality,https://pillows.su/f/18a66f0122060ab60e1da18df7be7eb0
REST IN BASS,"How You Flex
(prod. Ginseng, ​sean baby & 3rdup)","Leaked on July 9th, 2025.",2:24,2024,"Jul 9, 2025",Full,High Quality,https://pillows.su/f/630f012d18b8fe8ce05e4e52a01eb201
REST IN BASS,"Kamikaze
(prod. skai)","Leaked for free by Goin Ham on August 16th, 2025.",2:06,2024,"Aug 16, 2025",Full,High Quality,https://imgur.gg/f/CbAc3fB
REST IN BASS,"✨Kanye Krazy
(prod. Ginseng & Jay Trench)","First previewed on November 18th, 2024. Leaked in full on April 19th, 2025, after a successful GB.",2:54,2024,"Apr 19, 2025",Full,CD Quality,https://pillows.su/f/e58601f6e1b04faa44d893a283e24663
REST IN BASS,"Keep On Going
(prod. CXO)","Leaked by Goin Ham for free on July 14th, 2025.",2:04,2024,"Jul 14, 2025",Full,High Quality,https://pillows.su/f/fd578dcac3070cfa2e3ad19b3239cf49
REST IN BASS,"Money Piling
(prod. Ginseng, ​sean baby & 3rdup)","Leaked by Goin Ham for free on July 9th, 2025.",2:13,2024,"Jul 9, 2025",Full,High Quality,https://pillows.su/f/09bb7bf5f8d524455ad3b4b046c17471
REST IN BASS,"⭐Never For Me
(prod. CXO)","This track was first previewed on July 15th, 2025 in Che Hub, as a 15s HQ Snippet. On July 29th, an extended snippet would be played during the Che Hub Rest In Bass Roblox concert. It was then previewed again on September 24th, 2025. It eventually leaked following a successful groupbuy on March 26th, 2026.",2:24,2024,"Mar 26, 2026",Full,High Quality,https://pillows.su/f/c53663bd21fdff019e0757a1742e1c66
REST IN BASS,"Nonsense
(prod. CXO)","This track leaked after a succesful groupbuy on September 24th, 2025.",2:03,2024,"Sep 24, 2025",Full,High Quality,https://pillows.su/f/4be39bc79b7bcd3f72b326f46aeed400
REST IN BASS,"One Love
(prod. CXO)","First previewed by Che Hub on July 20th, 2025. It leaked for free by Goin Ham in a poll against ""Since You Started"" on August 22nd, 2025.",2:01,2024,"Aug 22, 2025",Full,High Quality,https://pillows.su/f/4009d8db45f2f685db23083b79083045
REST IN BASS,"⭐Part The Red Seas
(prod. CXO)","A snippet of this song was previewed at one of Che’s shows on November 2nd, 2024 during the Sayso Says Bleed Tour in Atlanta. Song would go on to leak on June 8th, 2025 after a succeful GB.",2:50,2024,"Jun 8, 2025",Full,High Quality,https://pillows.su/f/c949fa5cc6b659d37198429daa5e0575
REST IN BASS,"Party
(prod. Lucid & Che)","OG Filename: CHE - PARTY
First previewed in Che Hub on July 15th, 2025. The track would end up leaking on September 9th, 2025 after a successful GB.",2:06,2024,"Sep 9, 2025",OG File,Lossless,https://pillows.su/f/99e898e6ca80d7a60977ec2362430793
REST IN BASS,"⭐Promises
(prod. legion)","This track was first previewed on Che Hub on July 18th, 2025. Previewed again through Che Hub on December 15th, 2025. It ended up leaking after a successful groupbuy on January 27th, 2026.",2:23,2024,"Jan 27, 2026",Full,High Quality,https://pillows.su/f/f6ecee016cd6de81e6f9e338d07d9495
REST IN BASS,"⭐Since You Started
(prod. CXO)
(Tattletales, Since U Started, If Everything Made Sense)","The track was first previewed in Che Hub in low quality on May 29th, 2025. A CDQ snippet would be previewed in a Roblox virtual concert on June 6th, 2025. It was once again previewed on July 14th, 2025. Had a chance to be leaked for free by Goin Ham since it was in a poll against ""ONE LOVE"", however ONE LOVE won the poll. Leaked after a successful groupbuy on November 18th, 2025.",2:30,2024,"Nov 18, 2025",Full,High Quality,https://pillows.su/f/2b14fb16d456fb5a606fd1855b4585fb
REST IN BASS,"⭐So Strange
(prod. Ginseng & MISOGI)","This track was first previewed on September 23rd, 2025. It was then previewed again on September 24th, 2025. This track leaked in full on September 26th, 2025 from a successful groupbuy.",1:56,2024,"Sep 26, 2025",Full,CD Quality,https://pillows.su/f/274cd3bd45954b710a9c8f96bed52bd6
REST IN BASS,"⭐Stars
(prod. CXO)","First previewed by Che Hub on July 23rd, 2025. It was previewed again on November 23rd, 2025. It leaked on December 21st, 2025 following a successful groupbuy.",2:18,2024,"Dec 21, 2025",Full,High Quality,https://pillows.su/f/4904d33871dc276955251c467483455e
REST IN BASS,"✨Super Bad
(prod. Ginseng, grassarrows, ryanjacob & MISOGI)","First previewed by Che Hub on July 20th, 2025. It was previewed again on December 27th, 2025. It ended up leaking after a successful groupbuy of $675 on January 4th, 2026.",2:00,2024,"Jan 4, 2026",Full,High Quality,https://pillows.su/f/c9f3c2e24a59696f62a518f921f9f5b5
REST IN BASS,"✨Vampire
(prod. CXO)","Leaked for free by Goin Ham on August 16th, 2025.",2:19,2024,"Aug 16, 2025",Full,High Quality,https://pillows.su/f/379ebcba270ee284e545d06f6b553baa
REST IN BASS,"✨Vomit
(prod. Ginseng & Lucid)
(Green Diamonds, Please Don't Get Me Started)","OG Filename: VOMIT
VOMIT was supposed to be one of the lead up singles that were supposed to drop with the rollout of REST IN BASS after Pose For A Pic, A snippet of this song surfaced on February 23rd, 2025. Leaked by Goin Ham with tags on April 27th, 2025. Untagged file leaked on July 4th, 2025. Recorded on November 18th, 2024.",1:49,"Nov 18, 2024","Apr 27, 2025",OG File,Lossless,https://pillows.su/f/ebf636f005a61e5f3bc1500f7ed36626
REST IN BASS,"Waiting On U
(prod. Ginseng)
(Waiting On You)","First previewed on July 15th, 2025. It ended up leaking in full on July 24th, 2025.",2:27,2024,"Jul 24, 2025",Full,High Quality,https://pillows.su/f/3f0c56a286d3285260908bad78eadc58
,OG Files for Released Songs + Alt Mixes,,,,,,,
REST IN BASS,"Prettifun - 3rd Strike [V1]
(prod. gyro)
(DIE YOUNG)",A solo song by prettifun that has the same beat as DIE YOUNG. gyro sent both artists the beat. prettifun scrapped his version.,2:08,-,"Jul 24, 2025",OG File,CD Quality,
REST IN BASS,"Not Okay [V1]
(prod. Ginseng & legion)
(EARDRUMMER)","Version of the released track 15 on REST IN BASS that leaked from a successful GB on May 17th, 2025. No notable differences other than mixing.",3:18,2024,"May 17, 2025",Full,CD Quality,https://pillows.su/f/4c7af29253d2f0d47daccc65c3a36888
REST IN BASS,"Green Day
(prod. CXO)","OG Filename: GREENDAY CXO 5_16
OG filename for ""Green Day"".",2:03,2025,,Confirmed,Not Available,N/A
REST IN BASS,"✨HELLRAISER [V1]
(feat. skaiwater) (prod. CXO)","OG Filename: hellraiser che skaiwater
Leaked on August 16th, 2025. This version features skaiwater instead of OsamaSon.",3:04,2025,"Aug 16, 2025",OG File,CD Quality,https://pillows.su/f/17a18b3def7bf864a8df61d671a27aef
REST IN BASS,"Pose For The Pic [V1]
(prod. legion)","Che would first preview a snippet in October, 2024, on his seondary Instagram account. He would also preview this song repeatedly through the end of 2024. This version of the song would leak on January 10, 2025 after not dropping following rumors of a release. This version is slightly different than the released.",2:30,2024,"Jan 10, 2025",Full,High Quality,https://pillows.su/f/62f3f57c6af981c3397c98e4b79bbfe9
,Snippets,,,,,,,
REST IN BASS,"???
(feat. Glokk40Spaz) (prod. CXO)","Song name that was seen on a REST IN BASS tracklist, this is the only song that was never heard that didn't make it, along with 'HELLS ANGEL'. On October 2nd, 2025, this track was previewed for the first ever time at a performance. It also revealed a Glokk40Spaz feature. A near CDQ extended snippet was previewed on October 19th, 2025.",-,2025,"Oct 19, 2025",Partial,High Quality,"https://imgur.com/7QMOovW
https://imgur.com/druUkAQ
https://imgur.com/kD2DS1Z
https://imgur.gg/f/wPVjda8"
REST IN BASS,"???
(prod. CXO)
(BASS KILLER)",First head when noahsocold posted a snippet on his alternate Instagram account 1noahcore for a 2025 recap post.,-,2025,"May 20, 2026",Snippet,High Quality,https://imgur.gg/f/UNdvaUd
REST IN BASS,"??? [V1]
(prod. azure)
(BOSSUPPPP)",Unknown when Che previewed the song. It is likely that this was a standalone song before becoming the first half of 'BOSSUPPPP' for RIB.,-,2025,,Snippet,Low Quality,https://imgur.gg/f/b7N8YTl
REST IN BASS,"For Nothing
(prod. Jay Trench & Ginseng)","First previewed by Che Hub on July 17th, 2025. It was previewed again on December 5th, 2025.",-,2024,"Dec 5, 2025",Snippet,High Quality,"https://imgur.com/f98DkiO
https://imgur.gg/f/81vdFdK"
REST IN BASS,"🏆HELLS ANGEL
(prod. Rok)","This track was first previewed on April 8th, 2025. On July 18th, 2025, the original tracklist for REST IN BASS was shown and it showed 'HELLS ANGEL' as a track that was considered.",-,2025,"Apr 8, 2025",Snippet,Recording,https://imgur.com/PoZfgGk
REST IN BASS,"Live Your Life*
(prod. CXO)
(live yr life!!)","This track was previewed by Che’s manager “whitecollarwill” on an Instagram story on February 11th, 2025. with the cat filter",-,2024,"Feb 11, 2025",Snippet,Recording,https://imgur.com/mL0YCbJ
REST IN BASS,"🏆South Beach
(prod. skai)
(Miami)","This track was first previewed by skai on IG live on February 3rd, 2025.",-,2024,"Feb 11, 2025",Snippet,Recording,https://imgur.com/fdbVWBp
,Unavailable,,,,,,,
REST IN BASS,"BOSSUPPPP [V3]
(prod. azure, Rok, gyro)",A verison of the song without DJ Rennessy punch-ins likely exists.,-,2025,-,Rumored,Not Available,N/A
REST IN BASS,"DIOR LEOPARD [V1]
(prod. azure)",A verison of the song without DJ Rennessy punch-ins likely exists.,-,2025,-,Rumored,Not Available,N/A
REST IN BASS,"DOE DEER [V1]
(prod. Rok, CXO)",A verison of the song without DJ Rennessy punch-ins likely exists.,-,2025,-,Rumored,Not Available,N/A
REST IN BASS,"HOOD FAMOUS [V1]
(prod. Rok)",A verison of the song without DJ Rennessy punch-ins likely exists.,-,2025,-,Rumored,Not Available,N/A
REST IN BASS,"ROLLING STONE [V1]
(prod. azure)",A verison of the song without DJ Rennessy punch-ins likely exists.,-,2025,-,Rumored,Not Available,N/A
REST IN BASS,"SHOUTOUTDAROOF
(prod. ???)",Song seen on an alternate tracklist for REST IN BASS.,-,2025,"Jul 19, 2025",Confirmed,Not Available,N/A
REST IN BASS,"SLAM PUNK [V1]
(prod. Rok)",A verison of the song without DJ Rennessy punch-ins likely exists.,-,2025,-,Rumored,Not Available,N/A
REST IN BASS,"STAGEDIVIN [V1]
(prod. azure)",A verison of the song without DJ Rennessy punch-ins likely exists.,-,2025,-,Rumored,Not Available,N/A
REST IN BASS,"U DA SHIT
(prod. ???)","Song that Che mentioned in a Interview that had ""nodds to Rihanna"". The song also has a Crystal Castles sample, most likely taken off REST IN BASS last minute.",-,2025,"Jul 19, 2025",Confirmed,Not Available,N/A
REST IN BASS,"??? [V1]
(prod. skai, legion)
(BLACK SWAN)",It is likely the first half of 'BLACK SWAN' existed as a standalone song before being combined with the song below for RIB.,-,2025,-,Rumored,Not Available,N/A
REST IN BASS,"??? [V2]
(prod. CXO)
(BLACK SWAN)",It is likely the second half of 'BLACK SWAN' existed as a standalone song before being combined with the song above for RIB. Based on the lyrics it can also be assumed it was made after his 2025 Summer Smash performance on June 20.,-,2025,-,Rumored,Not Available,N/A
REST IN BASS,"??? [V2]
(prod. Rok, gyro)
(BOSSUPPPP)",It is likely the second half of 'BOSSUPPPP' existed as a standalone song before being combined with the song below for RIB.,-,2025,-,Rumored,Not Available,N/A
REST IN BASS,"OsamaSon - Break Da News
(feat. Che) (prod. ok)","Open verse version of OsamaSon's ""Break Da News"" that was sent to Che. Unknown if Che recorded on it.",-,"Oct 21, 2024",-,Rumored,Not Available,N/A
"0 OG File(s)
0 Full
0 Tagged
0 Partial
14 Snippet(s)
0 Stem Bounce(s)
10 Unavailable","REST IN BASS: ENCORE
(RIB Deluxe)","(Jul 18th, 2025) (REST IN BASS is officially released on all platforms)
(Sep 2nd, 2025) (At a concert, Che announces that RIB deluxe is on the way)
(Sep 30th, 2025) (RIB Deluxe gets confirmed)
(Dec 24th, 2025) (Che takes to Twitter to announce the deluxe is dropping on Christmas)
(Dec 25th, 2025) (REST IN BASS: ENCORE releases onto streaming services)",,,"Che began teasing that there was going to be a deluxe to REST IN BASS. In October, Che dropped a trailer and multiple snippets via several Instagram posts, teasers and performing songs that would be on the deluxe on his Rest In Bass US Tour. The deluxe was announced by @Kurrco on Twitter on October 1st 2025. On December 13th, 2025, track 7 ""DIRTY SPRITE"" was previewed onto Instagram. On December 24th, 2025, Che would post on his Twitter announcing that the deluxe was dropping on Christmas. It ended up releasing the very next day on December 25th, 2025.",,,
,Snippets,,,,,,,
REST IN BASS: ENCORE,"🗑️???
(feat. k3) (prod. ???)","Previewed by k3 via an Instagram live on November 19th, 2025.",-,2025,"Nov 19, 2025",Snippet,Recording,https://imgur.gg/f/5SzrWTr
REST IN BASS: ENCORE,"???
(prod. ???)","Previewed on December 18th, 2025.",-,2025,"Dec 18, 2025",Snippet,Recording,https://imgur.gg/f/DyrhTXr
REST IN BASS: ENCORE,"??? [V1]
(prod. CXO)
(DIRTY SPRITE, Designer Shoes)","Che previewed an old version of the first half of 'DIRTY SPRITE', fan-named 'Desginer Shoes', on his alternate Instagram account 'restinbass' on September 30, 2025. This version has CXO's producer tags as lacks DJ Rennessy. It is fair to assume this was a standalone song before being combined with 'DIRTY SPRITE' for ENCORE.",-,2025,"Sep 30, 2025",Snippet,High Quality,https://x.com/chiefdosaa_/status/1973182528891892153?s=20
REST IN BASS: ENCORE,"DIRTY SPRITE [V2]
(prod. Che)
(Designer Shoes)","Che previewed the second half of 'DIRTY SPRITE' on his alternate Instagram account 'restinbass' on December 13, 2025. Even though this song and ""Designer Shoes"" were combined by this time, it is likely that this was a standalone song before being considered for ENCORE.",-,2025,"Dec 13, 2025",Snippet,High Quality,https://m.bleed.bot/73b0bef2.mp4
REST IN BASS: ENCORE,"🏆Enemies*
(prod. ???)","Previewed in a mini Che documentary by Black Orchid on May 12th, 2026. Footage was recorded between September - October 2025.",-,2025,"May 12, 2026",Snippet,Recording,https://imgur.gg/f/atWBWb5
REST IN BASS: ENCORE,"Killers*
(prod. ???)","Previewed in a mini Che documentary by Black Orchid on May 12th, 2026. Footage was recorded between September - October 2025.",-,2025,"May 12, 2026",Snippet,Recording,https://imgur.gg/f/JjHI3M2
REST IN BASS: ENCORE,"🏆LA*
(prod. CXO)","Previewed in a mini Che documentary by Black Orchid on May 12th, 2026. Footage was recorded between September - October 2025.",-,2025,"May 12, 2026",Snippet,High Quality,https://imgur.gg/f/WTujnTy
REST IN BASS: ENCORE,"🏆Make It Rain*
(prod. Che & CXO)
(Confetti)","First previewed at Washington, DC on the REST IN BASS tour on September 28th, 2025. Samples ""Kanet Rohi"" by Rayan (which is the same sample used in ""Wicked"" by Future). A clearer snippet was previewed by Che on Instagram Live on October 29th, 2025.",-,2025,"Oct 29, 2025",Snippet,Recording,"https://imgur.com/yfpHQ4E
https://imgur.gg/f/mr7esII"
REST IN BASS: ENCORE,"🥇Margot Robbie*
(prod. Rok)","Previewed at a live performance on September 6th, 2025. It was previewed again via another live performance on September 16th, 2025.",-,2025,"Sep 16, 2025",Snippet,Performance,"https://imgur.com/AYHUn54
https://imgur.com/CMHjsla"
REST IN BASS: ENCORE,"Model Hoe*
(prod. azure)","Previewed in a mini Che documentary by Black Orchid on May 12th, 2026. Footage was recorded between September - October 2025.",-,2025,"May 12, 2026",Snippet,Recording,https://imgur.gg/f/lLMzhQ0
REST IN BASS: ENCORE,"mig - Opp Hunt
(feat. Cayo, Glo & Che) (prod. CXO)
(4 of Us)","Previewed on mig's IG live on August 24th, 2025.",-,2025,"Aug 24, 2025",Snippet,Recording,https://imgur.com/pvEumYy
REST IN BASS: ENCORE,"🏆Pass Out
(prod. CXO)","Previewed by Che on Twitter on September 4th, 2025. More of the song was performed at a show on April 26th, 2026 but the speakers broke so the audio quality is really bad.",-,2025,"Apr 26, 2026",Snippet,High Quality,"https://imgur.com/0ELf35V
https://imgur.gg/f/n9d6GFt"
REST IN BASS: ENCORE,"Tuck My Chain*
(prod. Rok)","First previewed by Che on September 14th, 2025.",-,2025,"Sep 14, 2025",Snippet,High Quality,https://imgur.com/a/FzJniZu
REST IN BASS: ENCORE,"Whole Lotta Hoes*
(prod. ???)","Previewed in a mini Che documentary by Black Orchid on May 12th, 2026. Footage was recorded between September - October 2025.",-,2025,"May 12, 2026",Snippet,Recording,https://imgur.gg/f/uaVxRSJ
,OG Files for Released Songs + Alt Mixes,,,,,,,
REST IN BASS: ENCORE,"WHIPPIN [V2]
(with OsamaSon) (prod. gyro)","Partial OG Filename: 09 WHIPPIN FT
Filename seen in the snippet for WHIPPIN posted on Dec 22, 2025.",1:56,2025,"Dec 22, 2025",Confirmed,Not Available,https://imgur.gg/f/R9z2jTJ
,Unavailable,,,,,,,
REST IN BASS: ENCORE,"CUTTHROAT [V1]
(prod. gyro)",A verison of the song without DJ Rennessy punch-ins likely exists.,-,2025,-,Rumored,Not Available,N/A
REST IN BASS: ENCORE,"DIE HARD [V1]
(prod. legion)",A verison of the song without DJ Rennessy punch-ins likely exists.,-,2025,-,Rumored,Not Available,N/A
REST IN BASS: ENCORE,"DIRTY SPRITE [V3]
(prod. Che, CXO)
(Designer Shoes)","There is likely a version of 'DIRTY SPRITE' similar to the release version on ENCORE, but without DJ Rennessey's tags.",-,2025,-,Rumored,Not Available,N/A
REST IN BASS: ENCORE,"HOLY MOLY [V1]
(prod. Rok, gyro, legion)",A verison of the song without DJ Rennessy punch-ins likely exists.,-,2025,-,Rumored,Not Available,N/A
REST IN BASS: ENCORE,"KING OF ROCK [V1]
(prod. CXO)",A verison of the song without DJ Rennessy punch-ins likely exists.,-,2025,-,Rumored,Not Available,N/A
REST IN BASS: ENCORE,"MAKE OUT WITH MY CHOPPA [V1]
(prod. Che)",A verison of the song without DJ Rennessy punch-ins likely exists.,-,2025,-,Rumored,Not Available,N/A
REST IN BASS: ENCORE,"MONSTER [V1]
(prod. Che)",A verison of the song without DJ Rennessy punch-ins likely exists.,-,2025,-,Rumored,Not Available,N/A
REST IN BASS: ENCORE,"WHIPPIN [V1]
(prod. gyro)",Open verse of 'WHIPPIN' sent to OsamaSon most likely exists.,-,2025,-,Rumored,Not Available,N/A
REST IN BASS: ENCORE,"OsamaSon - FMJ [V1]
(prod. Warren Hunter)","According to release insider @purple4matter, Che's part on FMJ was added last-minute which would mean a solo Osama version exists.",-,2025,-,Rumored,Not Available,N/A
"0 OG File(s)
0 Full
0 Tagged
0 Partial
1 Snippet(s)
0 Stem Bounce(s)
8 Unavailable","New Album
(punkgroupies*)","(Dec 25th, 2025) (REST IN BASS: ENCORE releases onto streaming services)
(Mar 27th, 2026) (Che surprise drops Fully Loaded)
(Apr 24th, 2026) (Che surprise drops Para'dies)
(Ongoing)",,,"After REST IN BASS: ENCORE, Che would make an account on Instagram on March 2026, named ""punkgroupies"". On this account, he would preview Million Dollar Mansion and Promoting Violence a week before it would drop on streaming services. This song featured a new deep voice, dubbed the ""Nightmare Freddy"" voice by fans. Presumably, his next project will feature a heavy utilization of this vocal effect.",,,
,OG Files for Released Songs + Alt Mixes,,,,,,,
Ongoing,"Million Dollar Mansion
(prod. Che)
(MDM)","OG Filename: MDM
Filename known from a SoundCloud exploit.",2:13,2026,-,Confirmed,Not Available,N/A
Ongoing,"Promoting Violence
(prod. Rok)
(Promotin Violence, Smoke, I Got Smoke)","OG Filename: Promotin Violence
Filename known from a SoundCloud exploit.",2:00,2026,-,Confirmed,Not Available,N/A
Ongoing,"White Folk
(prod. Che)","OG Filename: White Folk (1)
Filename known from a SoundCloud exploit.",2:52,2026,-,Confirmed,Not Available,N/A
Ongoing,"Tattoos
(prod. Che, Rok)","OG Filename: Tattoos
Filename known from a SoundCloud exploit.",2:00,2026,-,Confirmed,Not Available,N/A
Ongoing,"Kittens
(prod. Rok)","OG Filename: Kittens rok (1)
Filename known from a SoundCloud exploit.",2:23,2026,-,Confirmed,Not Available,N/A
Ongoing,"Tell U Sum
(prod. CXO)","OG Filename: Tell U Sum (CXO)
Filename known from a SoundCloud exploit.",2:39,2026,-,Confirmed,Not Available,N/A
Ongoing,"Nosferatu
(prod. Rok)","OG Filename: Nosferatu (ROK)
Filename known from a SoundCloud exploit.",2:06,2026,-,Confirmed,Not Available,N/A
Ongoing,"Nettspend - medicine taste like shit
(prod. Che)
(meds taste like shih, medicine-taste-like-shit-bhe-4.23.26, Grinch)","OG Filename: meds taste like shih bhe
Filename known from a SoundCloud exploit.",2:52,"Apr 23, 2026",-,Confirmed,Not Available,N/A
,Snippets,,,,,,,
Ongoing,"Nettspend - Cannibal*
(prod. Che)
(Advantage)",Played at the Salt Lake City show of the early life crisis tour.,-,2026,-,Snippet,Recording,https://imgur.gg/f/ZdrPCCO
Links,,Quality,Availability,,,,Highlighted,
"232 Total Links
0 Missing Links
0 Sources Needed
87 Not Avaliable",,"22 Lossless
15 CD Quality
158 High Quality
1 Low Quality
31 Recordings
2 Performance
88 Not Available","161 Total Full
34 OG Files
0 Stem Bounces
126 Full
1 Tagged
5 Partial
63 Snippets
88 Unavailable",,,,"⭐ 24 Best Of
✨ 22 Special
🏆 10 Grails
🥇 8 Wanted
🗑️ 2 Worst Of",
Owner,,Editors,,Major Contributors (non-editor),,,,
Slemns (@slemns),,"emo yn (@cryatnoon)
theo (@wakeuptheo)
faded forever (@faded_forever__)
greifed (@greifed)
gamb (@gamb)",,"rPhanlom
inservin
1xues",,,,
,,Tracker Guidlines,,,Editor Notes,,,
,,"Remember to use the right formatting. If you feel like something is missing or you did something wrong, copy something a previous submission has already done and use that as the guideline or just ask someone.",,,,,,
,,"No fan remakes, no unofficial mixtapes, nothing that's commercially available, always upload to a site that can be streamed off of.",,,,,,
,,"Make sure you use alternating colors and check often that they are not broken (Format, Alternating Colors, choose white and the grey that has one grey in between it and white.)",,,,,,
,,"To edit anything in Best Of, Special, Grails, Wanted, Worst Of, Recent, Recently Recorded, or OG Files, edit it in Unreleased. Those sections work as filters, filtering through the Unreleased section by adding all songs that meet the corresponding emoji or criteria, such as Leak Date, File Date, or the OG File having an Available Length.",,,,,,
,,"No released remixes, no matter how obscure, should be on this page. Those should be in Misc / Released.",,,,,,
,,"All music video editions, live freestyles, and released remixes go in Misc / Released.
Check if the song/mv/whatever is already added before you add it.",,,,,,
,,"Use Pillowcase and imgur.gg for all links, because KrakenFiles and PixelDrain links are deleted after some time. If something can't be uploaded to Pillowcase or imgur due to large file size, then use Mega.",,,,,,
,,"Try to get the highest quality file or snippet possible, and if it's a snippet try to get the longest snippet and not one that could be missing part of the song. Always link OG files if it has one leaked.",,,,,,
